O,Na,Mg,Al,Si,Ca,YoungModulus
56.28931046,18.86791992,0,5.660377979,19.18239021,0,63.79999924
55.80644989,20.64516068,0,3.225805998,20.32258034,0,63.90000153
62.07323837,0,6.890130997,13.78026009,17.2563591,0,101
59.30981064,12.38708019,0,3.925391912,22.88945961,1.410282016,64.19999695
59.4425087,11.11038017,0,4.333837032,22.27329063,2.839977026,69.59999847
58.8239212,11.53396988,0,4.022546768,21.44691086,4.085919857,72.30000305
59.3585701,10.35332012,4.085434914,4.331625938,21.75794029,0.05323042,71.90000153
58.48374176,11.16380978,5.830974102,3.541574001,20.82295036,0.068238422,73.19999695
61.49575043,2.749094009,0.037241429,6.547719955,21.09218979,8.078003883,83.19999695
61.04352188,2.590054989,9.402583122,7.163548946,19.80028915,0,91.80000305
60.10393143,3.134218931,10.74442959,8.31694603,17.64448929,0,96.09999847
59.95603943,0.935068488,0.170964003,9.378598213,15.69030952,13.86902046,98.59999847
59.99300003,10.01049995,0,0,24.99124908,5.005249977,73.69999695
57.33332825,18.66666985,0,0,24,0,60.29999924
53.33332825,26.66666985,0,0,20,0,59
58.33000183,16.67333984,0,0,24.99666977,0,60.5
58.33000183,16.67333984,0,0,24.99666977,0,59.79999924
55.66333008,22.00667,0,0,22.32999992,0,59.09999847
57.86169052,16.63269043,0,2.931754112,22.57386017,0,61.40000153
66.66665649,0,0,0,33.33332825,0,71.90000153
62.33332825,8.666666985,0,0,29,0,62.09999847
61.33332825,10.66666985,0,0,28,0,60.20000076
61,11.33333015,0,0,27.66666985,0,59.09999847
60,13.33333015,0,0,26.66666985,0,56.40000153
58,17.33333015,0,0,24.66666985,0,55.90000153
56.66667175,20,0,0,23.33333015,0,56.79999924
55.56666946,22.20000076,0,0,22.23332977,0,58.70000076
66.66665649,0,0,0,33.33332825,0,72.69999695
63.33332825,6.666666985,0,0,30,0,65.30000305
61.66667175,10,0,0,28.33333015,0,63
60,13.33333015,0,0,26.66666985,0,61.20000076
58.33332825,16.66666985,0,0,25,0,59.79999924
56.66667175,20,0,0,23.33333015,0,59.29999924
55,23.33333015,0,0,21.66666985,0,58.40000153
53.33332825,26.66666985,0,0,20,0,57.79999924
58.33332825,16.66666985,0,0,25,0,53.90000153
55.66667175,22,0,0,22.33333015,0,51
53.33332825,26.66666985,0,0,20,0,46.09999847
61.66667175,10,0,0,28.33333015,0,64.40000153
60,13.33333015,0,0,26.66666985,0,62
58.33332825,16.66666985,0,0,25,0,61.40000153
56.66667175,20,0,0,23.33333015,0,60.5
55.66667175,22,0,0,22.33333015,0,60.29999924
55,23.33333015,0,0,21.66666985,0,60.20000076
56.05493927,0,2.421978951,19.3758297,2.421978951,19.72525978,109
59.60226059,10.94783974,0,1.975090981,23.69091034,3.783894062,72.59999847
59.99930954,10.83792019,0,0,25.41757965,3.745202065,72.59999847
59.20072937,11.05428028,1.996402025,0,23.92860985,3.819971085,79.19999695
59.20072937,11.05428028,0,0,23.92860985,5.816372871,75.5
59.57992935,11.52087021,0,0,24.92028046,3.978926897,76.69999695
58.78829956,13.18332005,0,0,24.16824913,3.860135078,71.19999695
61.11000061,11.11332989,0,0,27.77667046,0,58
60.66667175,12,0,0,27.33333015,0,60.40000153
60,13.33333015,0,0,26.66666985,0,58.79999924
59.16667175,15,0,0,25.83333015,0,58.40000153
57.5,18.33333015,0,0,24.16666985,0,55.90000153
56.66667175,20,0,0,23.33333015,0,56.40000153
55.56666946,22.20000076,0,0,22.23332977,0,57.29999924
66.66665649,0,0,0,33.33332825,0,73.19999695
53.33332825,26.66666985,0,0,20,0,62.40000153
55.69620132,20.25316048,0,5.063291073,18.98734093,0,69.30000305
57.83132935,14.45783043,0,9.638554573,18.07229042,0,73.19999695
58.82352829,11.76471043,0,11.76471043,17.64706039,0,73.5
59.44380188,10.08111,0,13.09385967,17.3812294,0,78
60,13.33333015,0,0,26.66666985,0,60.20000076
59.67742157,12.90322971,0,3.225805998,24.19355011,0,64.80000305
59.375,12.5,0,6.25,21.875,0,69.59999847
58.52273178,11.36363983,0,14.77272987,15.34090996,0,77.40000153
61.97182846,0,0,5.633802891,21.12676048,11.2676096,92.90000153
62.22074127,0,0,8.869623184,20.00667,8.902968407,91.59999847
62.5,0,0,12.5,18.75,6.25,93.30000305
62.59914017,0,0,13.78890038,18.30384064,5.308115005,98
66.66665649,0,0,0,33.33332825,0,72.40000153
59.58749008,10.96345997,1.533084035,0.609080911,24.33555031,2.938122988,75.69999695
58.33332825,16.66666985,0,0,25,0,61.29999924
58.35673141,16.52589989,0,0.09329135,24.91212082,0.076632179,56.70000076
58.63866043,15.63572979,0,0.087051153,25.03389931,0.569180608,58.09999847
58.78602982,15.08393955,0,0.087384678,25.05252075,0.954509616,60.5
58.55847931,15.24522972,0,0.114727303,24.66299057,1.380102038,62.09999847
59.18751907,13.73777008,0.081248507,0.135414198,25.15319061,1.658823967,63
59.89403915,11.49927998,0.116223402,0.307650208,25.36063957,2.775688887,66.69999695
60.17160034,10.84531975,0.133850396,0.151010707,25.67868996,2.996190071,68.30000305
60.47212982,9.93900013,0.158527702,0.1516352,25.8159008,3.418684959,69
60.54439926,9.504375458,0.148721993,0.193684503,25.72199059,3.84256196,71.09999847
60.7937088,8.708645821,0.159855396,0.152905196,25.84445,4.298720837,67.80000305
59.76831818,8.712956429,0.447729409,0.596972525,23.55199051,6.836757183,81.80000305
60.39403152,0,13.5951004,10.44561005,15.56525993,0,99
66.66665649,0,0,0,33.33332825,0,70.40000153
66.66665649,0,0,0,33.33332825,0,70.40000153
66.66665649,0,0,0,33.33332825,0,73.09999847
66.66665649,0,0,0,33.33332825,0,78
66.66665649,0,0,0,33.33332825,0,72.90000153
66.66665649,0,0,0,33.33332825,0,73
66.66665649,0,0,0,33.33332825,0,72.80000305
57.86837006,14.57246971,2.038348913,0.601140082,22.7224102,2.197271109,66
60.37903976,9.612752914,1.272578001,1.211001992,24.95895004,2.565680981,75.90000153
66.66665649,0,0,0,33.33332825,0,72.59999847
60,13.33333015,0,0,26.66666985,0,56.40000153
56.66667175,20,0,0,23.33333015,0,55.70000076
53.33332825,26.66666985,0,0,20,0,53.20000076
62.06896973,6.896552086,0,0,27.58621025,3.448276043,67.80000305
59.48423004,13.16592979,0,0,25.55141068,1.798439026,66.40000153
59.71831131,10.14085007,0,0,24.50704002,5.633802891,76.09999847
57.99296188,13.59154987,0,0,22.7816906,5.633802891,78.09999847
58.22970963,10.38770962,0,0,21.65325928,9.729334831,83.90000153
59.80392075,13.07190037,0,1.960783958,25.16340065,0,76.09999847
60,0,5,0,20,15,94.90000153
60,0,10,0,20,10,99.09999847
60.49219894,9.8855896,0,0,25.92720032,3.694998026,77.5
56.25,18.75,0,6.25,18.75,0,72.30000305
58.08615112,13.41808033,5.614406109,0,22.8813591,0,70.59999847
58.75886917,11.8439703,0,0,23.43972015,5.957447052,69.59999847
55.3550415,20.14796066,0,0,20.78406906,3.712922096,58.90000153
66.66665649,0,0,0,33.33332825,0,68.80000305
60,13.33333015,0,0,26.66666985,0,67.90000153
58.33332825,16.66666985,0,0,25,0,65.59999847
56.66667175,20,0,0,23.33333015,0,65.59999847
55,23.33333015,0,0,21.66666985,0,67.19999695
53.33332825,26.66666985,0,0,20,0,68.19999695
51.66667175,30,0,0,18.33333015,0,69.90000153
66.66665649,0,0,0,33.33332825,0,66
61.11000061,11.11332989,0,0,27.77667046,0,59
60.28369141,8.510638237,6.382978916,0,24.82268906,0,66.80000305
60.28369141,8.510638237,0,0,24.82268906,6.382978916,77.69999695
62.32876968,6.849315166,0,0,28.08218956,2.739726067,70.5
61.1301384,9.246575356,0,0,26.88356018,2.739726067,69.09999847
60.27397156,10.95890045,0,0,26.02739906,2.739726067,68
59.24657059,13.01369953,0,0,25,2.739726067,67.09999847
58.39041138,14.72603035,0,0,24.14384079,2.739726067,66.40000153
60.56837845,7.815275192,0,0,25.04439926,6.571936131,75.19999695
62.06896973,6.896552086,0,0,27.58621025,3.448276043,71.69999695
62,3.272727013,0,0,25.63636017,9.090909004,79.09999847
61.60557938,6.980803013,0,0,26.70157051,4.712041855,73.90000153
60,7.272727013,0,0,23.63636017,9.090909004,79.69999695
61.06195068,7.079646111,0,0,25.66371918,6.194690228,75.09999847
59.20138931,12.15277958,0,0,24.47916985,4.166666985,70.30000305
60.78430939,7.130125046,0,0,25.13368988,6.951871872,76.19999695
61.33094025,5.395682812,0,0,25.35971069,7.913669109,77.80000305
61.87174988,6.93240881,0,0,27.20970917,3.986135006,72.19999695
61.40351105,7.017543793,0,0,26.31579018,5.263157845,74.30000305
59.63302994,7.339448929,0,0,22.93577957,10.09173965,80.59999847
61.47079849,6.685432911,0,0,26.28430939,5.559464931,75.30000305
60.48329926,7.960198879,0,0,24.94669914,6.609807968,75.80000305
61.33332825,10.66666985,0,0,28,0,61
56,21.33333015,0,0,22.66666985,0,58.5
66.66665649,0,0,0,33.33332825,0,73.19999695
61.66667175,10,0,0,28.33333015,0,62.29999924
61.29032135,9.677419662,0,3.225805998,25.80644989,0,65.30000305
60.9375,9.375,0,6.25,23.4375,0,70.90000153
60.60606003,9.090909004,0,9.090909004,21.21212006,0,71.90000153
60.29412079,8.823529243,0,11.76471043,19.11764908,0,73.69999695
60,8.571428299,0,14.28571033,17.14286041,0,77.30000305
58.33332825,16.66666985,0,0,25,0,59.09999847
58.06452179,16.12903023,0,3.225805998,22.58064079,0,63.5
57.8125,15.625,0,6.25,20.3125,0,67
57.57575989,15.15151978,0,9.090909004,18.18181992,0,68.40000153
57.35293961,14.70588017,0,11.76471043,16.1764698,0,70.90000153
57.14286041,14.28571033,0,14.28571033,14.28571033,0,73.90000153
56.94443893,13.88889027,0,16.66666985,12.5,0,78.5
55,23.33333015,0,0,21.66666985,0,59
56.45161057,19.35483932,0,3.225805998,20.96773911,0,63.40000153
59.09091187,12.1212101,0,9.090909004,19.69696999,0,71.30000305
59.70148849,10.44775963,0,10.44775963,19.4029808,0,71.19999695
61.28982162,0,0,0,22.57965088,16.1305294,87.19999695
60.5195694,0,0,0,21.03912926,18.44131088,89.80000305
59.72288895,0,0,0,19.44578934,20.83131981,92.59999847
62.39862061,0,0,2.148024082,23.7232399,11.73011017,87.19999695
62.03488159,0,0,4.304695129,21.91741943,11.74300957,90.09999847
61.30707169,0,0,8.62898922,18.29964066,11.76430035,93.30000305
60.57580948,0,0,12.96570969,14.66876984,11.78969955,98.80000305
59.84252167,0,0,17.3228302,11.02361965,11.8110199,103
59.10578918,0,0,21.69405937,7.364562988,11.83557987,108
58.26667023,16.79999924,0,0,24.93333054,0,59.20000076
58.46665955,16.39999962,0,0,25.13332939,0,59.09999847
58.22367859,16.44737053,0,1.315788984,24.01316071,0,60.09999847
58.38187027,15.59869957,0,2.912621021,23.10679054,0,60.40000153
58.0128212,16.02564049,0,3.846153975,22.11539078,0,61.5
57.71374893,15.55142021,0,7.063196182,19.67161942,0,65
57.78712845,14.49188042,0,9.801563263,17.91942024,0,66.40000153
57.14286041,14.28571033,0,14.28571033,14.28571033,0,69.09999847
59.13132095,13.33788967,0,0,24.93160057,2.599179029,66.59999847
59.59595871,12.1212101,0,1.346801043,24.57912064,2.356901884,67.59999847
58.79430008,13.05068016,0,3.113614082,22.55714035,2.484266043,69.5
59.34426117,11.80327988,0,3.934426069,22.6229496,2.295082092,70
59.02799988,11.71547985,0,5.857740879,20.98487091,2.413903952,70.40000153
59.1054306,11.50160027,0,6.38977623,20.76676941,2.236422062,72.19999695
58.84532166,10.80580044,0,9.756097794,18.21549988,2.377276897,72.80000305
58.17601013,10.39791012,0,15.16119957,13.97037983,2.29451108,76.09999847
55.66667175,22,0,0,22.33333015,0,59.90000153
55.59210968,21.71052933,0,1.315788984,21.38158035,0,60.70000076
55.51948166,21.42856979,0,2.597403049,20.45454979,0,62.09999847
55.41400909,21.01910973,0,4.458599091,19.10828018,0,63.5
55.3797493,20.88607979,0,5.063291073,18.67089081,0,63.79999924
55.19277954,20.70895004,0,6.716416836,17.38183975,0,65.40000153
54.67290115,19.85980988,0,12.38317966,13.08411026,0,69.5
58.92856979,10.71428967,0,0,23.21427917,7.142857075,69
55.66667175,22,0,0,22.33333015,0,60
61.53845978,7.692306995,0,7.692306995,23.07691956,0,72
60.06005859,9.909910202,0,9.909910202,20.12011909,0,72
57.14286041,14.28571033,0,14.28571033,14.28571033,0,74
60.03551865,0,15.45293045,8.880994797,15.63055038,0,109
60.86956024,0,13.04347992,8.695652008,17.3913002,0,103
56.20111084,0,0,19.28475952,2.759845018,21.75428009,105
61.36363983,9.740260124,0,2.597403049,26.29870033,0,67.09999847
66.66665649,0,0,0,33.33332825,0,70.59999847
66.66665649,0,0,0,33.33332825,0,68.30000305
66.66665649,0,0,0,33.33332825,0,61.09999847
66.66665649,0,0,0,33.33332825,0,69.80000305
66.66665649,0,0,0,33.33332825,0,69.59999847
66.66665649,0,0,0,33.33332825,0,73.16200256
66.66665649,0,0,0,33.33332825,0,73.24092102
66.66665649,0,0,0,33.33332825,0,73.31220245
66.66665649,0,0,0,33.33332825,0,73.0759201
66.66665649,0,0,0,33.33332825,0,73.24954224
66.66665649,0,0,0,33.33332825,0,73.2175827
66.66665649,0,0,0,33.33332825,0,73.17815399
66.66665649,0,0,0,33.33332825,0,72.84312439
66.66665649,0,0,0,33.33332825,0,72.66423798
66.66665649,0,0,0,33.33332825,0,73.02336121
66.66665649,0,0,0,33.33332825,0,72.80000305
59.86624908,10.96982002,1.829457998,0,25.21742058,2.117043972,64.19999695
63.35647964,0,4.993816853,9.87348938,21.77621078,0,86.19999695
66.66665649,0,0,0,33.33332825,0,73.19999695
66.66665649,0,0,0,33.33332825,0,73.09999847
66.66665649,0,0,0,33.33332825,0,72.90000153
66.66665649,0,0,0,33.33332825,0,73.09999847
59.69886017,11.36725998,1.879542947,0,25.08134079,1.973001003,67.09999847
66.66665649,0,0,0,33.33332825,0,71.90000153
66.66665649,0,0,0,33.33332825,0,71.5
66.66665649,0,0,0,33.33332825,0,71.40000153
66.66665649,0,0,0,33.33332825,0,72.09999847
60.37903976,9.612752914,1.272578001,1.211001992,24.95895004,2.565680981,75.90000153
57.86837006,14.57246971,2.038348913,0.601140082,22.7224102,2.197271109,60
61.0389595,10.38961029,0,2.597403049,25.97402954,0,64.30000305
60.75949097,10.12658024,0,5.063291073,24.05063057,0,66.09999847
55.84415054,20.77922058,0,2.597403049,20.77922058,0,60.90000153
55.69620132,20.25316048,0,5.063291073,18.98734093,0,64.80000305
59.60264969,7.947020054,0,6.622517109,19.8675499,5.96026516,79.40000153
59.89255142,11.33726025,0,0,25.45372963,3.316457987,43.90000153
63.15888977,5.261661053,0,5.261661053,26.31777954,0,66.90000153
59.99940109,10.00090027,0,10.00090027,19.99880028,0,68
58.82698822,11.75951958,0,11.75951958,17.65398026,0,69.30000305
57.14286041,14.28571033,0,14.28571033,14.28571033,0,70.19999695
60.57616043,10.57775021,0,4.80979681,24.03628922,0,65.30000305
58.40687943,15.04539967,0,4.422493935,22.12521935,0,63.79999924
57.91772842,16.0522995,0,4.336734772,21.69323921,0,61.20000076
57.44646835,17.02140999,0,4.256947994,21.27516937,0,60.90000153
57.26325989,17.39990997,0,4.220674992,21.1161499,0,61
56.81832886,18.31427002,0,4.147230148,20.72016907,0,60.59999847
56.38591003,19.20568085,0,4.067535877,20.34087944,0,60.29999924
56,20,0,4,20,0,60.09999847
54.9620018,22.13743019,0,3.815691948,19.08488083,0,58.70000076
53.57223892,24.99758911,0,3.573838949,17.85634041,0,58.5
52.34843063,27.51755905,0,3.356743097,16.77726936,0,57.40000153
66.66665649,0,0,0,33.33332825,0,72.40000153
61.11000061,11.11332989,0,0,27.77667046,0,58.40000153
58.97333145,15.38667011,0,0,25.63999939,0,56.5
57.14332962,19.04667091,0,0,23.80999947,0,55.70000076
55.55667114,22.21999931,0,0,22.22332954,0,52.5
60.21432877,8.882642746,2.210119009,0.407589614,24.66620064,3.619115114,100
60.25640869,0,0,15.38461018,12.82050991,11.53845978,105
62.52318954,0,7.494060993,9.872767448,20.10998917,0,97.30000305
60.08000183,13.17333984,0,0,26.74666977,0,65.09999847
60.31639099,11.90676975,0,0,26.5861702,1.190677047,69.80000305
60.63024902,10.23462963,0,0,26.37779999,2.757320881,74
61.16402054,7.380592823,0,0,26.01833916,5.437036991,79.40000153
61.50027847,5.584118843,0,0,25.79262924,7.122965813,82.30000305
61.68695068,4.595548153,0,0,25.67168045,8.045810699,83.90000153
56.99000168,19.35333061,0,0,23.65666962,0,61
57.3549881,17.4865303,0,0,23.45323944,1.705258012,66.40000153
57.80569077,15.18925953,0,0,23.20601082,3.799045086,71.80000305
58.33274078,12.50088978,0,0,22.91592979,6.250442982,76.69999695
59.01662827,9.01663208,0,0,22.5415802,9.425152779,82.30000305
59.34968185,7.316983223,0,0,22.35786057,10.97546959,84.40000153
59.83993912,4.817093849,0,0,22.08840942,13.25456047,88
56.99000168,19.35333061,0,0,23.65666962,0,61
60.08000183,13.17333984,0,0,26.74666977,0,65.09999847
61.11000061,11.11332989,0,0,27.77667046,0,63.20000076
60.52758026,10.52414989,0,0,26.31723022,2.631038904,72
59.99860001,10.00209999,0,0,24.99824905,5.001049042,71.80000305
59.52500153,9.521428108,0,0,23.81071091,7.142857075,75.30000305
59.09091187,9.090909004,0,0,22.72727013,9.090909004,77.90000153
58.69678116,8.693081856,0,0,21.74010086,10.87005043,78.30000305
58.33427048,8.332397461,0,0,20.83473969,12.49860001,85.5
60.52758026,10.52414989,2.631038904,0,26.31723022,0,65.80000305
59.52500153,9.521428108,7.142857075,0,23.81071091,0,76.69999695
59.09091187,9.090909004,9.090909004,0,22.72727013,0,74.40000153
58.69678116,8.693081856,10.87005043,0,21.74010086,0,76.90000153
58.33427048,8.332397461,12.49860001,0,20.83473969,0,82
60,11.03448009,0,0,25.51724052,3.448276043,71.59999847
60,11.03448009,0,0,25.51724052,3.448276043,70.90000153
62.52318954,0,7.494060993,9.872767448,20.10998917,0,96
60.6837616,0,12.82050991,10.25640965,16.23932076,0,108
60.52632141,0,14.03509045,8.771929741,16.66666985,0,107
61.26126099,0,13.51350975,5.405405998,19.8198204,0,102
61.40351105,0,12.28069973,7.017543793,19.2982502,0,102
61.53845978,0,11.11110973,8.547009468,18.80341911,0,104
61.66667175,0,10,10,18.33333015,0,104
61.78862,0,8.943088531,11.38210964,17.88618088,0,102
60.71429062,0,14.28571033,7.142857075,17.85713959,0,105
60.86956024,0,13.04347992,8.695652008,17.3913002,0,106
61.0169487,0,11.8644104,10.16948986,16.94915009,0,107
61.15702057,0,10.74380016,11.57024956,16.52891922,0,107
61.29032135,0,9.677419662,12.90322971,16.12903023,0,106
60.83332825,0,11.66666985,11.66666985,15.83333015,0,107
61.06933975,0,8.18805027,11.32553005,16.47591019,2.941176891,100
62.71022034,0,2.046649933,13.75786972,18.54150009,2.943770885,88.19999695
63.59397125,0,2.042392015,8.478338242,22.94875908,2.93654108,87.30000305
62.1339798,0,2.615648031,9.929591179,19.30315018,6.017634869,95.09999847
55.75101089,0,2.911072016,19.09719086,1.953436971,20.28729057,109
55.55667114,22.21999931,0,0,22.22332954,0,50
66.66665649,0,0,0,33.33332825,0,74.5
66.66665649,0,0,0,33.33332825,0,73
55.66667175,22,0,0,22.33333015,0,60
66.66665649,0,0,0,33.33332825,0,70.40000153
60,13.33333015,0,0,26.66666985,0,72
56.66667175,20,0,0,23.33333015,0,75
53.33332825,26.66666985,0,0,20,0,67
66.66665649,0,0,0,33.33332825,0,74.5
60.28612137,9.323098183,1.793439984,0.321004897,25.0732708,3.203069925,73.5
66.66665649,0,0,0,33.33332825,0,73
63.59300995,0,4.610493183,9.220985413,22.57551956,0,95
63.16695023,0,8.089500427,4.81927681,23.92427063,0,92.59999847
63.27212143,0,6.844740868,6.677795887,23.20533943,0,90.80000305
63.34204865,0,6.017004013,7.913669109,22.72727013,0,90
63.44171143,0,4.83743,9.674860954,22.04599953,0,91.40000153
63.49156952,0,4.247345924,10.55589962,21.70517921,0,92.5
63.55855179,0,3.454601049,11.73952961,21.24732018,0,94.19999695
57.96260071,16.3120594,0,3.288201094,22.43713951,0,59.79999924
58.9161911,13.6736002,0,5.482041836,21.92816925,0,65.30000305
60.53268814,9.200968742,0,9.200968742,21.0653801,0,67.09999847
61.46572113,6.619384766,0,11.34751987,20.56738091,0,75.19999695
64.0625,0,3.125,9.375,23.4375,0,76.5
54.40996933,0,3.829971075,12.53588009,2.552002907,26.67217064,104
66.66665649,0,0,0,33.33332825,0,73.4833374
66.66665649,0,0,0,33.33332825,0,72.40000153
66.66665649,0,0,0,33.33332825,0,73.09999847
66.66665649,0,0,0,33.33332825,0,71
66.66665649,0,0,0,33.33332825,0,73.09999847
55.56333923,22.20667076,0,0,22.22999954,0,50.20000076
56.8833313,19.56666946,0,0,23.54999924,0,51.79999924
59.0001297,14.06737995,0,0,25.03396034,1.898519039,62.70000076
66.66665649,0,0,0,33.33332825,0,72.90000153
60.5612793,8.762618065,0,0.735421717,25.1361599,4.804522991,55
66.66665649,0,0,0,33.33332825,0,72.09999847
66.66665649,0,0,0,33.33332825,0,73
66.66665649,0,0,0,33.33332825,0,76.30000305
66.66665649,0,0,0,33.33332825,0,94.09999847
66.66665649,0,0,0,33.33332825,0,73.30000305
66.66665649,0,0,0,33.33332825,0,73
60.039711,0,0,16.89306068,11.63288975,11.43432999,98.5
62.79666138,0,3.239255905,10.26299,20.46183014,3.239255905,92.09999847
60,0,3.571429014,8.571428299,15.71428967,12.14286041,103
62.06896973,0,0,6.896552086,20.68965912,10.34482956,86.19999695
66.66665649,0,0,0,33.33332825,0,76
60.81666946,11.69999981,0,0,27.48332977,0,58.79999924
63.35647964,0,4.993816853,9.87348938,21.77621078,0,82.69999695
61.2254715,5.715658188,4.408535957,3.218060017,23.69973946,1.732537031,84.80000305
61.3408699,5.678894997,3.766752005,3.952889919,23.54474068,1.715852022,84.09999847
61.37216187,5.790082932,3.843005896,3.259906054,24.00941086,1.725430965,79.19999695
61.36843872,5.784842014,3.837233067,3.26079607,23.9989109,1.749778032,80
61.86804962,4.714471817,3.912806988,3.315821886,24.43543053,1.753429055,74.40000153
61.34777832,5.695902824,3.775820971,3.880799055,23.6031208,1.696580052,80.59999847
61.4645195,5.855381012,3.851509094,3.280915022,24.21627998,1.33138597,75.09999847
61.29175949,5.875328064,3.889590025,3.302740097,23.86980057,1.770787001,73.69999695
66.66665649,0,0,0,33.33332825,0,72.59999847
66.66665649,0,0,0,33.33332825,0,74
66.66665649,0,0,0,33.33332825,0,73.69999695
61.11865997,9.883248329,0,0,27.17893028,1.819169044,67
62.10161972,6.671274185,0,0,27.53887939,3.688211918,72
59.46102142,13.19620991,0,0,25.52013969,1.822625041,65
60.42308044,10.02385044,0,0,25.85807991,3.694998026,72
61.40819931,6.773456097,0,0,26.20313072,5.615209103,75
58.73833084,13.39093971,0,0,24.17214012,3.698582888,69
66.66665649,0,0,0,33.33332825,0,72.80000305
66.66665649,0,0,0,33.33332825,0,73
60.81666946,11.69999981,0,0,27.48332977,0,56.79999924
60.12625885,11.86573029,0,0,26.18538094,1.822625041,65.69999695
59.41236877,12.04286003,0,0,24.84617996,3.698582888,72.5
58.67750931,12.22492027,0,0,23.46747971,5.630083084,99
57.92079163,12.41211033,0,0,22.04763985,7.619458199,106
60.48546982,11.69579029,0.99989903,0,26.81884003,0,64.69999695
59.98427963,11.69958019,2.497778893,0,25.81834984,0,61.79999924
59.48138046,11.70353031,4.000555038,0,24.81452942,0,63.70000076
59.14738083,11.70417023,5.001574993,0,24.14686012,0,67.59999847
58.81209946,11.7094202,5.999576092,0,23.47891045,0,44.09999847
57.81097031,11.70827007,9.004688263,0,21.4760704,0,77.40000153
60.61594009,11.70619011,0,1.185770988,26.49209023,0,60.79999924
60.41653061,11.70843029,0,2.375529051,25.49950981,0,63.70000076
60.21601868,11.71403027,0,3.561784983,24.50816917,0,63.70000076
60.01396942,11.72212029,0,4.749810219,23.51409912,0,61.79999924
59.81066132,11.73077965,0,5.943759918,22.51481056,0,63.70000076
66.66665649,0,0,0,33.33332825,0,81
60.16334152,13.00667,0,0,26.82999992,0,45.09999847
60.49890137,8.709890366,1.801205993,0.613176286,25.04615974,3.330662012,69.5
63.20227051,0.195799798,4.980261803,10.23843002,21.38323021,0,85
56.89107132,0,2.835939884,19.9575901,3.803339005,16.51206017,109
56.27584839,0,2.859127998,21.26477051,1.919322014,17.68092918,110
66.66665649,0,0,0,33.33332825,0,62.79999924
60,13.33333015,0,0,26.66666985,0,55.5
58.66667175,16,0,0,25.33333015,0,48.70000076
58,17.33333015,0,0,24.66666985,0,50
56.66667175,20,0,0,23.33333015,0,50.29999924
55.56666946,22.20000076,0,0,22.23332977,0,51.90000153
53.33332825,26.66666985,0,0,20,0,52.09999847
56.25,0,0,25,0,18.75,112
56.37039948,0,0,24.71228027,0.384663492,18.53264999,110
66.66665649,0,0,0,33.33332825,0,73
66.66665649,0,0,0,33.33332825,0,68.90000153
55.66667175,22,0,0,22.33333015,0,61.29999924
57,19.33333015,0,0,23.66666985,0,61.70000076
58.33332825,16.66666985,0,0,25,0,62.70000076
60,13.33333015,0,0,26.66666985,0,63.90000153
61.66667175,10,0,0,28.33333015,0,64.90000153
61.23332977,10.86666965,0,0,27.89999962,0,63.59999847
63.06666946,7.199999809,0,0,29.73332977,0,67.40000153
62.44182968,0,4.13444519,8.168457031,20.79944038,4.455827236,85.09999847
60.47500992,8.691102982,1.54152,0.606842697,24.99214935,3.693370104,66.80000305
56.5218811,19.19636917,1.639788985,0,22.64196014,0,67.5
53.58021164,26.17246056,0,0,20.24599075,0,29.60000038
53.58042908,26.17159081,0,0,20.24531937,0,30.10000038
53.58287811,26.16580009,0,0,20.24599075,0,30.29999924
53.58285904,26.1631794,0,0,20.2406292,0,30.79999924
53.58570862,26.15302086,0,0,20.23460007,0,31.5
55.78231049,0,0,20.40815926,1.360543966,22.44898033,99.90000153
54.66667175,4,0,20,1.333333015,20,106
53.59476852,7.843136787,0,19.60783958,1.307189941,17.64706039,105
52.90322113,10.32258034,0,19.35483932,1.290323019,16.12903023,97.19999695
52.39617157,12.14058018,0,19.1693306,1.277955055,15.01597023,89.59999847
55.78231049,0,1.020408034,20.40815926,1.360543966,21.42856979,102
55.78231049,0,2.040816069,20.40815926,1.360543966,20.40815926,110
55.78231049,0,3.061223984,20.40815926,1.360543966,19.38775063,108
55.78231049,0,4.081633091,20.40815926,1.360543966,18.36734962,102
56.22895813,0,0,20.20202065,2.356901884,21.21212006,100
56.66667175,0,0,20,3.333333015,20,101
56.66667175,0,1.666666985,20,3.333333015,18.33333015,99.90000153
56.66667175,0,3.333333015,20,3.333333015,16.66666985,103
56.66667175,0,5,20,3.333333015,15,105
56,0,0,21.33333015,1.333333015,21.33333015,99.90000153
54.83871078,6.451612949,0,19.35483932,3.225805998,16.12903023,79.90000153
60.11624146,9.894823074,1.826737046,0.678106785,24.84085083,2.643233061,68.69999695
59.944561,10.32783985,1.543357968,1.341454983,24.38231087,2.460474968,69
61.26760101,7.042253017,0,0,26.05633926,5.633802891,75.40000153
58,17.33333015,0,0,24.66666985,0,60.09999847
58.78377914,14.86487007,0,0,25,1.351351023,64.5
59.38566971,12.96928024,0,0,25.25597,2.389079094,67.5
60,11.03448009,0,0,25.51724052,3.448276043,71.19999695
60.62717819,9.059233665,0,0,25.78396988,4.529616833,73.40000153
59.99860001,10.00209999,5.001049042,0,24.99824905,0,72.5
59.99860001,10.00209999,0,0,24.99824905,5.001049042,75.5
59.44272995,9.28792572,2.786377907,9.907120705,18.57584953,0,74.69999695
59.06122971,9.831557274,0,9.544049263,18.26619911,3.296977997,80.69999695
59.43046951,9.521419525,1.370507002,8.89418602,19.17456055,1.608857036,76.90000153
60.37763977,0,7.485017776,3.859344006,18.82560921,9.452379227,89
60.26131821,8.984580994,2.061747074,0.245864198,24.8920002,3.554493904,73
62.85562897,0,7.485973835,7.894300938,21.76409912,0,95.30000305
62.06938934,0,6.895908833,13.79181957,17.24287987,0,101
59.53976822,11.06350994,2.000552893,0.753230691,24.23468018,2.408265114,72
66.66665649,0,0,0,33.33332825,0,73
53.33332825,26.66666985,0,0,20,0,60
60,13.33333015,0,0,26.66666985,0,61
61.53845978,0,0,0,23.07691956,15.38461018,86.90000153
62.06896973,0,10.34482956,6.896552086,20.68965912,0,100
61.29032135,0,9.677419662,12.90322971,16.12903023,0,110
59.375,0,0,18.75,9.375,12.5,103
56.66667175,0,0,20,3.333333015,20,106
58.82352829,11.76471043,0,11.76471043,17.64706039,0,74
59.375,12.5,0,6.25,21.875,0,70
66.66665649,0,0,0,33.33332825,0,72.30000305
60.09643936,9.362816811,2.056451082,0.245651096,24.59668922,3.547904015,73
66.66665649,0,0,0,33.33332825,0,73
57.53219986,14.85684967,0.03843493,0.188680604,22.40057945,4.979070187,70
66.66665649,0,0,0,33.33332825,0,72.19999695
60.83332825,0,11.66666985,11.66666985,15.83333015,0,107
60.83332825,0,10,11.66666985,15.83333015,1.666666985,103
60.83332825,0,8.333333015,11.66666985,15.83333015,3.333333015,100
60.83332825,0,6.666666985,11.66666985,15.83333015,5,98.90000153
60.83332825,0,5,11.66666985,15.83333015,6.666666985,96.09999847
60.83332825,0,3.333333015,11.66666985,15.83333015,8.333333015,94.80000305
60.6837616,0,12.82050991,10.25640965,16.23932076,0,106
60.6837616,0,11.11110973,10.25640965,16.23932076,1.709401965,103
60.6837616,0,9.401709557,10.25640965,16.23932076,3.418802977,100
60.6837616,0,7.692306995,10.25640965,16.23932076,5.128204823,99.09999847
60.6837616,0,5.982905865,10.25640965,16.23932076,6.837606907,97.09999847
60.6837616,0,4.27350378,10.25640965,16.23932076,8.547009468,95.69999695
60.52632141,0,14.03509045,8.771929741,16.66666985,0,107
60.52632141,0,12.28069973,8.771929741,16.66666985,1.754385948,103
60.52632141,0,10.52632046,8.771929741,16.66666985,3.508771896,100
60.52632141,0,8.771929741,8.771929741,16.66666985,5.263157845,99.80000305
60.52632141,0,7.017543793,8.771929741,16.66666985,7.017543793,97.40000153
60.52632141,0,5.263157845,8.771929741,16.66666985,8.771929741,95.59999847
55.17240906,20.68965912,3.448276043,0,20.68965912,0,57.40000153
56.37583923,17.44967079,3.355705023,2.684564114,20.13422966,0,59.29999924
57.51633835,14.37907982,3.2679739,5.228757858,19.60783958,0,61.5
58.59872055,11.46496964,3.184712887,7.643311977,19.10828018,0,63.70000076
59.62733078,8.695652008,3.105590105,9.937888145,18.6335392,0,66.40000153
60.12269974,7.361962795,3.067485094,11.04294014,18.40490913,0,67.59999847
57.57575989,15.15151978,0,9.090909004,18.18181992,0,56.09999847
58.10398102,13.45565987,0.917431176,9.174311638,18.34861946,0,59.09999847
58.46154022,12.30768967,1.538462043,9.230769157,18.46154022,0,61.20000076
58.82352829,11.14550972,2.167182922,9.28792572,18.57584953,0,63.40000153
59.19002914,9.968847275,2.803738117,9.345794678,18.69158936,0,65
59.56113052,8.777429581,3.448276043,9.404388428,18.80878067,0,66.40000153
63.35647964,0,4.993816853,9.87348938,21.77621078,0,90
61.81772995,0,2.157907963,3.837086916,21.71689987,10.47039032,77
62.52318954,0,7.494060993,9.872767448,20.10998917,0,90
56.12245178,0,2.380951881,19.72789001,2.380951881,19.38775063,109
66.66665649,0,0,0,33.33332825,0,73
60.25640869,0,0,15.38461018,12.82050991,11.53845978,102
61.0169487,0,5.084745884,10.16948986,16.94915009,6.779661179,100
66.66665649,0,0,0,33.33332825,0,72.69999695
60.07180023,11.07711029,0,6.337808132,22.51326942,0,70
59.78396988,0,0,8.905897141,15.11499023,16.19514084,86.30000305
59.11500931,0,0,5.477779865,15.49112988,19.91608047,84.30000305
63.6896019,0,0,4.145927906,25.2758007,6.827783108,87
66.66665649,0,0,0,33.33332825,0,72.5
57.78073883,0,0,17.79406929,6.664444923,17.76074982,98
57.72871017,0,0,21.4510994,4.731861115,16.08832932,107
57.21907043,0,0,18.87295914,5.001667023,18.90629959,110
57.05562973,0,0,18.04612923,5.088194847,19.81003952,106
56.66667175,0,0,20,3.333333015,20,112
56.11463165,0,0,21.12628937,1.666110992,21.09296989,99.80000305
58.96971893,14.33736038,0,3.16958189,23.52333069,0,61.09999847
58.35906982,14.65238953,0,0,24.0443306,2.944204092,65.69999695
66.66665649,0,0,0,33.33332825,0,72.30000305
66.66665649,0,0,0,33.33332825,0,72.5
66.66665649,0,0,0,33.33332825,0,72.40000153
66.66665649,0,0,0,33.33332825,0,71.40000153
55.88336945,0,2.395001888,18.81291008,2.360291004,20.54841995,109
56.05117035,0,2.385891914,18.74135017,2.731673002,20.08989906,103
61.0169487,0,5.084745884,10.16948986,16.94915009,6.779661179,102
60.44828033,8.875121117,2.095225096,0.626479089,25.02087975,2.934010983,72
60,13.33333015,0,0,26.66666985,0,58.5
59.86394882,10.20407963,4.081633091,2.040816069,23.80952072,0,73.30000305
66.66665649,0,0,0,33.33332825,0,72.80000305
66.66665649,0,0,0,33.23667145,0,72.30000305
59.27209854,12.13171959,0,0,24.6100502,3.986135006,70.19999695
60.06214142,10.83880043,0,0,25.54367065,3.555402994,69.30000305
60.84564972,9.556548119,0,0,26.4695797,3.128222942,68.59999847
61.62273026,8.284833908,0,0,27.38788033,2.704552889,68.09999847
61.33332825,10.66666985,0,0,28,0,62.40000153
59,15.33333015,0,0,25.66666985,0,61.20000076
53.66667175,26,0,0,20.33333015,0,58.90000153
61.79320145,0,5.059442997,10.57884026,22.54751968,0,83.40000153
60.17523956,9.582421303,1.801049948,0.528493524,24.8774395,3.035360098,51.70000076
56.49451828,0,0,24.41315079,0.78247261,18.30986023,116
56.73981094,0,0,23.82444954,1.567397952,17.86833954,111
56.98587036,0,0,23.23390961,2.354788065,17.4254303,111
57.23270035,0,0,22.64151001,3.144654036,16.9811306,109
57.48031998,0,0,22.04725075,3.937007904,16.53543091,106
57.72871017,0,0,21.4510994,4.731861115,16.08832932,116
57.97787857,0,0,20.85308075,5.529225826,15.63980961,104
58.22785187,0,0,20.25316048,6.32911396,15.18986988,105
66.66665649,0,0,0,33.33332825,0,72.5
66.66665649,0,0,0,33.33332825,0,76.09999847
60,13.33333015,0,0,26.66666985,0,63
56.66667175,20,0,0,23.33333015,0,60.79999924
53.33332825,26.66666985,0,0,20,0,59.79999924
61.53845978,0,0,0,23.07691956,15.38461018,86.90000153
56.25,18.75,0,6.25,18.75,0,66.80000305
62.06896973,0,10.34482956,6.896552086,20.68965912,0,100
62.06896973,0,0,6.896552086,20.68965912,10.34482956,89.40000153
61.29032135,0,9.677419662,12.90322971,16.12903023,0,116
57.14286041,14.28571033,0,0,21.42856979,7.142857075,79.19999695
60.07635117,9.925385475,0.038174558,0.680201292,24.77876091,4.407426834,71.19999695
58.0128212,16.02564049,0,3.846153975,22.11539078,0,61
57.8125,15.625,0,6.25,20.3125,0,65
57.57575989,15.15151978,0,9.090909004,18.18181992,0,66
57.14286041,14.28571033,0,14.28571033,14.28571033,0,69
59.72695923,12.28668976,0,0,25.59726906,2.389079094,67
59.59595871,12.1212101,0,1.346801043,24.57912064,2.356901884,68
59.46844101,11.96012974,0,2.657807112,23.5880394,2.325581074,69
59.34426117,11.80327988,0,3.934426069,22.6229496,2.295082092,70
59.22330093,11.65048981,0,5.177992821,21.68284988,2.265372038,70
59.1054306,11.50160027,0,6.38977623,20.76676941,2.236422062,72
58.82352829,11.14550972,0,9.28792572,18.57584953,2.167182922,73
58.30904007,10.49563026,0,14.57726002,14.57726002,2.040816069,76
55.56666946,22.20000076,0,0,22.23332977,0,60
55.49341965,21.90789032,0,1.315788984,21.28289032,0,61
55.42208099,21.62338066,0,2.597403049,20.35713959,0,63
55.35255814,21.34614944,0,3.846153975,19.45512962,0,63
55.28480911,21.07595062,0,5.063291073,18.57595062,0,64
55.21875,20.8125,0,6.25,17.71875,0,65
54.91175842,19.58823013,0,11.76471043,13.73528957,0,70
58.33332825,16.66666985,0,0,25,0,58
58.22367859,16.44737053,0,1.315788984,24.01316071,0,60
58.11687851,16.23377037,0,2.597403049,23.05195045,0,60
60.50009918,8.935218811,1.897868037,0.768844485,25.07056046,2.801779985,66.69999695
62.06896973,0,10.34482956,6.896552086,20.68965912,0,100
62.06896973,0,0,6.896552086,20.68965912,10.34482956,89
59.71306992,11.20806026,2.02779603,0.400041401,24.83016014,1.820878029,70
63.35647964,0,4.993816853,9.87348938,21.77621078,0,87
66.66665649,0,0,0,33.33332825,0,72.5
61.21794891,0,8.012820244,13.46154022,15.70512962,1.602563977,108
60.65573883,0,8.196721077,13.11474991,14.75409985,3.278687954,107
61.0169487,0,5.084745884,10.16948986,16.94915009,6.779661179,101
60,11.03448009,0,0,25.51724052,3.448276043,71.59999847
60.86956024,10.03343964,0,1.337792993,26.08695984,1.672240973,68.90000153
60.86956024,10.03343964,0.836120427,1.337792993,26.08695984,0.836120427,68.30000305
60.86956024,10.03343964,1.672240973,1.337792993,26.08695984,0,66.59999847
60.0671196,11.40939999,2.013422966,1.342282057,25.16778946,0,66
60.32257843,10.96774006,0.645161271,3.870968103,24.19355011,0,67.30000305
59.27209854,12.13171959,0,0,24.6100502,3.986135006,70.19999695
60.06214142,10.83880043,0,0,25.54367065,3.555402994,69.30000305
60.84564972,9.556548119,0,0,26.4695797,3.128222942,68.59999847
61.62273026,8.284833908,0,0,27.38788033,2.704552889,68.09999847
61.22449112,9.523809433,2.040816069,0,27.21088028,0,65.59999847
60.68965912,9.655172348,3.448276043,0,26.20689964,0,67.5
60.13985825,9.79020977,4.895104885,0,25.17482948,0,70.19999695
60,0,0,0,20,20,96.59999847
60.16019058,9.997927666,1.546640992,0.642132223,24.99827957,2.654836893,69
60.06887817,9.94184494,0.038078099,0.678482473,24.77153015,4.410136223,70.59999847
66.66665649,0,0,0,33.33332825,0,71.90000153
64.33334351,4.666666985,0,0,31,0,63.90000153
63.33332825,6.666666985,0,0,30,0,62.09999847
61.66667175,10,0,0,28.33333015,0,59
60,13.33333015,0,0,26.66666985,0,57.40000153
58.33332825,16.66666985,0,0,25,0,56.09999847
56.66667175,20,0,0,23.33333015,0,55.90000153
55,23.33333015,0,0,21.66666985,0,55.70000076
66.66665649,0,0,0,33.31433105,0,72.40000153
66.66665649,0,0,0,33.33332825,0,74
62.06938934,0,6.895908833,13.79181957,17.24287987,0,98.69999695
60.02000046,0,16.80999947,6.360000134,16.80999947,0,117
59.74132156,9.345119476,1.683037996,5.684348106,21.26391029,2.233135939,76
60.01062012,9.27020359,1.680058002,4.303073883,22.50481033,2.23122406,75
60.34265137,8.60614872,1.680058002,4.303073883,22.83683968,2.23122406,74
60.01261902,9.290904999,1.47990799,4.320271015,22.46076012,2.38577199,76
60.07789993,9.273992538,1.627776027,3.987884045,22.7489109,2.233613968,76
60.24515915,8.984265327,2.068698883,0.280977786,24.84194946,3.578954935,72
61.48648071,8.783782959,1.351351023,1.351351023,26.68918991,0.337837785,69
59.27209854,12.13171959,0,0,24.6100502,3.986135006,70
61.62273026,8.284833908,0,0,27.38788033,2.704552889,68
60,0,0,11.15318012,14.42341042,14.42341042,98
60.69903946,8.438878059,1.689875007,0.167937905,25.52305984,3.460220098,73.90000153
60.62717819,8.362369537,2.090591908,0.696864128,25.08711052,3.135889053,74.19999695
66.66665649,0,0,0,33.33332825,0,72.80000305
60.2677803,9.554674149,1.994048953,0,25.34642982,2.755350113,69
66.66665649,0,0,0,33.33332825,0,71.59999847
55.66667175,22,0,0,22.33333015,0,58.79999924
61.53845978,7.692306995,0,7.692306995,23.07691956,0,70.59999847
57.14286041,14.28571033,0,14.28571033,14.28571033,0,72.5
63.59300995,0,4.610493183,9.220985413,22.57551956,0,93.09999847
60.18843842,0,17.46319962,3.942936897,18.4054203,0,115
62.07934189,0,6.857728004,13.80850983,17.25443077,0,104
61.40000153,0,17.79999924,2,18.79999924,0,140
60.08433914,10.70131969,0,0,25.51934052,3.694998026,66.90000153
59.69398117,11.69618988,0,0,25.23605919,3.373768091,67.40000153
60.08232117,10.65993023,0,0,25.4946003,3.763143063,67.5
60.07144165,10.50660992,0,0,25.39616966,4.025798798,66.59999847
66.66665649,0,0,0,33.33332825,0,71.80000305
59.31034088,11.72414017,2.068964958,0.689655185,24.13792992,2.068964958,72
61.47328949,0,0,15.43533039,15.22891045,7.862469196,97.5
61.08951187,0,2.035881042,12.4571104,15.95046043,8.467042923,97.5
60.87406921,0,4.135428905,9.155295372,17.1704998,8.664709091,98.59999847
60.80659103,0,5.116493225,7.570284843,17.82806015,8.678563118,99.30000305
60.5157814,0,6.101115227,6.112042904,17.97551918,9.295550346,101
60.2492981,0,8.144380569,3.028332949,18.98443985,9.593545914,102
60.07505035,0,9.797580719,0,20.15011978,9.97724247,102
60.73106003,0,5.094421864,10.97259998,15.97581005,7.226107121,102
60.40401077,0,7.050804138,8.18688488,16.71459961,7.643695831,103
60.19409943,0,8.738331795,5.519336224,17.62854004,7.919692039,102
59.95357895,0,10.31134987,2.730612993,18.54187012,8.462579727,104
60.35353851,0,7.447439194,9.553362846,15.93041039,6.715247154,105
60.07624054,0,9.032491684,7.239062786,16.53294945,7.119258881,106
59.91352081,0,10.37036991,4.970860004,17.34160995,7.4036479,106
59.57946014,0,12.22443962,2.52946496,17.89419937,7.772426128,107
59.74874115,0,10.57001972,8.295728683,15.34963036,6.035881996,108
59.68149185,0,11.58586025,6.392457008,16.16674995,6.173435211,108
59.3199501,0,13.45464993,4.256140232,16.51181984,6.457458019,111
59.32123184,0,14.39220047,2.06962204,17.60765076,6.609309196,110
59.47645187,0,13.01856041,7.099017143,15.40338993,5.002587795,111
66.66665649,0,0,0,33.33332825,0,72.19999695
60.09732819,9.84798336,0,9.87201786,20.18265915,0,63.40000153
55.86169815,19.62258911,0,5.962007999,18.55368996,0,67.5
53.68228149,24.24300003,0,5.177318096,16.8973999,0,70.30000305
56.02679062,0,2.432929993,18.5333004,2.786936045,20.22003937,110
58.58778,0,2.284883022,15.12423038,9.613431931,14.38967991,80
58.91033936,0,2.286206961,13.21378994,11.21378994,14.37586021,87
59.23936844,0,2.258548975,14.79899979,11.07923031,12.62384987,94
59.36603928,0,2.268568039,12.20952034,12.62732983,13.52853966,100
59.94475937,0,2.250993013,11.06163025,14.35871029,12.38391018,101
55.86169815,19.62258911,0,5.962008953,18.55369949,0,68.40000153
63.31233978,0.082454868,4.985349178,9.856528282,21.73003006,0.018076651,84.30000305
62.81723022,0.060317889,3.076853991,10.12570953,20.59791946,3.31427598,80.09999847
62.84852982,0,3.073764086,10.13251019,20.63080025,3.314403057,75
62.02336121,0,8.042921066,10.33012009,18.88167,0.721926928,73
61.71932983,0,7.62554121,10.04988003,18.4137001,2.191553116,75
58.8227005,11.7659502,5.882976055,0,23.5283699,0,68.5
54.99982071,19.9993,5.001574993,0,19.9993,0,65.69999695
52.17390823,26.08695984,4.347826004,0,17.3913002,0,65.80000305
66.66665649,0,0,0,33.33332825,0,72.09999847
62.51937103,0.468658388,4.847268105,7.485146046,21.50473022,3.123274088,85.40000153
62.48194122,0.45604071,4.932617188,7.504551888,21.43055916,3.178872108,86.80000305
62.60366058,0.463875711,5.702356815,8.005168915,21.4111805,1.762727976,86.80000305
62.60478973,0.464100212,5.711747169,8.015673637,21.42485046,1.763581038,87.5
62.44524002,0.47283709,4.120438099,7.038517952,21.58164024,4.289308071,84.09999847
62.85977173,0,3.116590977,6.158247948,22.64042091,5.224974155,82.69999695
58.33332825,16.66666985,0,0,25,0,59
58.22367859,16.44737053,0,1.315788984,24.01316071,0,60
58.11687851,16.23377037,0,2.597403049,23.05195045,0,60.20000076
58.0128212,16.02564049,0,3.846153975,22.11539078,0,61.5
57.8125,15.625,0,6.25,20.3125,0,65
57.57575989,15.15151978,0,9.090909004,18.18181992,0,66.09999847
57.14286041,14.28571033,0,14.28571033,14.28571033,0,69
54.54545975,18.18181992,0,0,18.18181992,9.090909004,77
61.24000168,0,0,3.880000114,20.54000092,14.34000015,89
56.05493927,0,2.421978951,19.3758297,2.421978951,19.72525978,104
66.66665649,0,0,0,33.33332825,0,73
60.37763977,0,7.485017776,3.859344006,18.82560921,9.452379227,89
62.06896973,0,0,6.896552086,20.68965912,10.34482956,86.19999695
59.97967911,9.608241081,2.141005039,0.280328006,24.65834999,3.262316942,74
66.66665649,0,0,0,33.33332825,0,72.69999695
59.9621582,10.87718964,1.775025964,0.399036795,25.16340065,1.823184967,71.5
60.42681885,8.851667404,2.141079903,0.210253403,25.17433929,3.195851088,73
59.36603928,0,2.268568039,12.20952034,12.62732983,13.52853966,112
59.34429169,0,2.280107975,12.14675999,12.58205032,13.58045959,107
58.91033936,0,2.286206961,13.21378994,11.21378994,14.37586021,109
58.90594101,0,2.293095112,13.04716015,11.25481033,14.43198967,111
60.60152054,8.765272141,0,0.410763413,25.38030052,4.842133999,70.09999847
66.66665649,0,0,0,33.33332825,0,73
55.66667175,22,0,0,22.33333015,0,60
61.53845978,7.692306995,0,7.692306995,23.07691956,0,72
60.06005859,9.909910202,0,9.909910202,20.12011909,0,73
57.14286041,14.28571033,0,14.28571033,14.28571033,0,74
63.59300995,0,4.610493183,9.220985413,22.57551956,0,95
62.5,0,0,12.5,18.75,6.25,92
63.49206161,0,0,9.523809433,22.22221947,4.761905193,86
64.51612854,0,0,6.451612949,25.80644989,3.225805998,82
60.86317062,8.256510735,2.064127922,0.223148897,25.77370071,2.757981062,66.69999695
61.21794891,0,8.012820244,13.46154022,15.70512962,1.602563977,107
60.05398941,0,0,6.009398937,17.11828995,16.81831932,92
66.66665649,0,0,0,33.33332825,0,72.5
60.23857117,0,19.28429031,0,20.47714043,0,106
58.8227005,11.7659502,5.882976055,0,23.5283699,0,69
58.8227005,11.7659502,0,0,23.5283699,5.882976055,73.40000153
55.55667114,22.21999931,0,0,22.22332954,0,63.09999847
56.0465889,0,2.432339907,19.39019966,2.398082018,19.73278046,109
58.33332825,16.66666985,0,0,25,0,59.90000153
58.19672012,16.39344025,0,1.639343977,23.77049065,0,69.09999847
58.06452179,16.12903023,0,3.225805998,22.58064079,0,64.19999695
57.93650818,15.87302017,0,4.761905193,21.42856979,0,65.59999847
57.8125,15.625,0,6.25,20.3125,0,81.59999847
63.21186066,0.083220243,5.47973299,9.461501122,21.72687912,0.02144522,84.80000305
63.19395828,0.08352232,5.631331921,9.26455307,21.78969002,0.02152306,85.09999847
63.17631912,0.084331527,5.977808952,8.673173904,22.04944992,0.021407239,85.90000153
62.99123001,0.083963327,6.206828117,9.326388359,21.35251999,0.02163671,86.19999695
62.9718399,0.083257541,5.972126961,9.914051056,21.01932907,0.02145483,87.09999847
63.45627975,0.077258117,5.182732105,8.614280701,22.6366291,0.0180269,84.90000153
62.89612961,0.078159347,6.679368019,8.981811523,21.3342495,0.01791152,86.30000305
63.10166931,0.085185297,6.454424858,8.164683342,22.15472984,0.02162396,85.09999847
63.64905167,0.083614178,4.759576797,8.284235954,23.1900692,0.01800921,84.80000305
62.48321152,0.078842342,7.788966179,9.23769474,20.38073921,0.01806804,85.80000305
63.31233978,0.082454868,4.985349178,9.856528282,21.73003006,0.018076651,86.30000305
63.14511108,0.082880147,5.482841015,9.856362343,21.39583015,0.02167635,83.90000153
63.38079834,0.076425329,4.986752987,9.464003563,22.06144905,0.017832579,84.19999695
63.24620819,0.082113743,4.986831188,10.25158024,21.40011024,0.01800186,87.09999847
63.91875839,0.077793531,1.998695016,12.23752022,21.75526047,0.007180941,86.30000305
61.97124863,0.095278613,9.960018158,7.87409687,20.03912926,0.032326669,80.90000153
64.14839172,0.07410609,2.497992992,9.862285614,23.39900017,0.01080714,86.40000153
63.44350052,0.078166477,5.582388878,7.881786823,22.97768974,0.02149578,78.19999695
62.33272171,0.100219801,8.615564346,8.391739845,20.50831985,0.028729681,81
62.51871109,0.097017989,7.179330826,10.16748047,19.99217033,0.02522468,85.90000153
60,9.032258034,3.225805998,6.451612949,21.29031944,0,76.90000153
60.06943893,9.722222328,2.083333015,0.694444418,24.65278053,2.77777791,72
63.08724976,0,5.369128227,6.711410046,22.81879044,2.013422966,84
56.05096054,0,0,24.20381927,0,19.74522018,112
60,0,0,6.400000095,16.79999924,16.79999924,96
60,0,8.399999619,6.400000095,16.79999924,8.399999619,102
60,0,16.79999924,6.400000095,16.79999924,0,114
61.29032135,0,0,12.90322971,16.12903023,9.677419662,94.59999847
61.99290085,0.675559282,5.263157845,6.39713192,21.12500954,4.546237946,86.69999695
61.89868927,0.675885379,5.186386108,6.558846951,20.85589027,4.824305058,87.09999847
59.78396988,0,0,8.905898094,15.11499023,16.19514084,100
66.66665649,0,0,0,33.33332825,0,75
63.35647964,0,4.993816853,9.87348938,21.77621078,0,85.30000305
60.37654877,0,8.746004105,8.198934555,16.65364075,6.024867058,102
61.09154129,0,6.223711014,9.424476624,17.47084999,5.789419174,99.09999847
60.33599854,0,9.71230793,7.224746227,17.05962944,5.667315006,104
61.24423981,0,8.31485939,7.143107891,18.91691971,4.380871773,100
61.41550827,0,7.304390907,7.370698929,19.14566994,4.76373291,97.5
61.51568985,0,8.894926071,7.313759804,19.37450027,2.901124954,98.90000153
61.50157928,0,8.782895088,5.966544151,20.01988983,3.729089975,96.5
61.6846199,0,8.105846405,6.896070004,19.92120934,3.392252922,96
61.50959015,0,9.350761414,6.141749859,19.94828987,3.049623013,98.09999847
61.81179047,0,7.941811085,6.765503883,20.24082947,3.240063906,97
61.84606934,0,8.908186913,6.274949074,20.5546608,2.416136026,96.40000153
62.33885956,0,6.202770233,6.927680016,21.21388054,3.316806078,93.40000153
54.17541885,21.91218948,0,0,19.20191956,4.710471153,63.90000153
66.66665649,0,0,0,33.33332825,0,71.69999695
59.65517044,11.72414017,2.413793087,0,25.17240906,1.034482956,68.59999847
60.34482956,10.34482956,0,0,25.86207008,3.448276043,72.30000305
60.15668106,10.05570984,0,0,25.24373055,4.446379185,76
60.13788986,10.08391953,0,0,25.31773949,4.460462093,72
55.95460892,13.19750977,0,0,18.50798035,12.33990002,59
66.66665649,0,0,0,33.33332825,0,72
64,5.333333015,0,0,30.66666985,0,67.59999847
60,13.33333015,0,0,26.66666985,0,62
56.66667175,20,0,0,23.33333015,0,62.79999924
53.33332825,26.66666985,0,0,20,0,64.80000305
60,13.33333015,0,0,26.66666985,0,61.79999924
53.33332825,26.66666985,0,0,20,0,60
62.2086792,0.994248509,4.642021179,8.704613686,20.53354073,2.867517948,92.40000153
62.06946945,1.000938058,5.088099003,8.0809021,20.56926918,3.139606953,93.19999695
61.95013046,0.999615073,5.477620125,7.517374992,20.6103096,3.390585899,94.5
61.84574127,1.002560973,5.814171791,7.052028179,20.63434029,3.594216108,94.90000153
62.0648613,0.711722374,5.198235035,8.593881607,20.15770912,3.219379902,94.90000153
61.9844017,1.002725959,5.083355904,8.586256981,20.14748955,3.144309998,94.59999847
62.08673096,0.717657983,4.850837231,8.605251312,20.19742012,3.485292912,94.30000305
61.92898941,0.998339415,5.198019981,8.545785904,20.05331039,3.221308947,94.19999695
62.11518097,0.716943383,4.49417305,8.623235703,20.24369049,3.747356892,93.80000305
62.84852982,0,3.073764086,10.13251019,20.63080025,3.314403057,94.09999847
63.40534973,0,0.052059598,8.108283043,22.70124054,5.674497128,86.80000305
63.4850502,0,0.04129212,9.503540993,22.16433907,4.748593807,87.5
60.01261902,9.290904999,1.47990799,4.320271015,22.46076012,2.38577199,76
66.66665649,0,0,0,33.33332825,0,72.19999695
64,5.333333015,0,0,30.66666985,0,68
63.33332825,6.666666985,0,0,30,0,65.40000153
61.66667175,10,0,0,28.33333015,0,63.59999847
60,13.33333015,0,0,26.66666985,0,61.20000076
58.33332825,16.66666985,0,0,25,0,60.09999847
56.66667175,20,0,0,23.33333015,0,58.79999924
53.33332825,26.66666985,0,0,20,0,58.5
61.0169487,10.16948986,0,0,27.1186409,1.694915056,67.59999847
58.33332825,16.66666985,0,0,25,0,59.20000076
58.06232834,16.12466049,0,0,24.18699074,1.626016021,65.19999695
57.82056046,15.60674,0,0,23.4444809,3.128222942,68.80000305
57.58737183,15.13642025,0,0,22.74295044,4.533258915,72.30000305
57.14286041,14.28571033,0,0,21.42856979,7.142857075,77.90000153
60.34482956,10.34482956,0,0,25.86207008,3.448276043,71.40000153
60.71429062,9.090909004,1.948052049,4.545454979,23.70129967,0,70.80000305
60.92715073,7.947020054,3.311258078,3.973510027,23.84106064,0,73.09999847
60.97401047,9.016124725,1.941427946,3.224745989,24.84370041,0,69.69999695
60.59603119,9.271523476,2.649007082,3.311258078,24.17218971,0,70.59999847
61,8,3.333333015,3.333333015,24.33333015,0,72.90000153
60.77796173,9.076174736,1.782819986,4.538086891,23.72771072,0,74.59999847
61.18421173,7.236842155,3.28947401,4.605263233,23.68420982,0,72.80000305
60.98360825,7.868853092,2.950819969,4.590164185,23.60655975,0,72.30000305
61.33332825,6.666666985,4,4,24,0,74.30000305
61.74496078,5.369128227,4.69798708,4.026844978,24.16106987,0,73.30000305
60.64725113,9.126213074,1.94174695,4.854369164,23.43041992,0,69.30000305
60.58631897,9.120521545,2.28012991,4.560260773,23.45277023,0,69.69999695
60.90909958,8.701299667,1.948052049,4.545454979,23.89611053,0,69.30000305
60.96773911,8.387096405,1.935484052,5.161290169,23.54838943,0,70
60.78176117,8.729641914,2.280131102,4.560260773,23.64821053,0,69.90000153
60.84238052,8.423823357,2.79697299,4.080288887,23.85652924,0,70.19999695
60.39604187,11.22111988,0.990099013,1.980198026,25.41254044,0,68
58.59872055,11.46496964,3.184712887,7.643311977,19.10828018,0,76
62.24489975,5.442176819,4.081633091,2.040816069,26.19047928,0,76
61,9.333333015,1,2,25.66666985,1,70
60,9.677419662,2.580645084,5.806451797,21.93548012,0,71.09999847
60.25640869,8.974358559,2.564102888,6.410255909,21.79487038,0,72.09999847
60.71429062,9.090909004,1.948052049,4.545454979,23.70129967,0,70.80000305
60.97401047,9.016124725,1.941427946,3.224745989,24.84370041,0,69.69999695
60.59603119,9.271523476,2.649007082,3.311258078,24.17218971,0,70.59999847
61,8,3.333333015,3.333333015,24.33333015,0,72.90000153
60.77796173,9.076174736,1.782819986,4.538086891,23.72771072,0,74.59999847
60.92715073,7.947020054,3.311258078,3.973510027,23.84106064,0,73.09999847
61.18421173,7.236842155,3.28947401,4.605263233,23.68420982,0,72.80000305
60.98360825,7.868853092,2.950819969,4.590164185,23.60655975,0,72.30000305
61.33332825,6.666666985,4,4,24,0,74.30000305
61.74496078,5.369128227,4.69798708,4.026844978,24.16106987,0,73.30000305
60.64725113,9.126213074,1.94174695,4.854369164,23.43041992,0,69.30000305
60.58631897,9.120521545,2.28012991,4.560260773,23.45277023,0,69.69999695
60.90909958,8.701299667,1.948052049,4.545454979,23.89611053,0,69.30000305
60.96773911,8.387096405,1.935484052,5.161290169,23.54838943,0,70
60.78176117,8.729641914,2.280131102,4.560260773,23.64821053,0,69.90000153
60.90909958,8.376624107,2.272727013,4.870131016,23.57143021,0,70.30000305
60.71429062,8.766233444,2.272727013,4.870130062,23.37661934,0,70
60.65359879,8.758170128,2.614378929,4.575163841,23.39868927,0,71.5
60.68515015,8.809135437,2.446981907,4.567699909,23.49102974,0,70
60.69910812,8.820646286,2.450180054,4.442993164,23.58706093,0,70
60.65573883,8.852458954,2.622951031,4.262294769,23.60655975,0,70
60.73299026,8.638744354,2.617800951,4.45026207,23.56020927,0,70
60.81967163,8.524589539,2.622951031,4.262294769,23.77049065,0,70
60.95552063,8.237232208,2.800658941,3.953871012,24.05271912,0,70
60.84238052,8.423823357,2.79697299,4.080288887,23.85652924,0,70
60.93389893,8.220979691,2.795133114,4.143373966,23.90661049,0,71
62.51937103,0.468658388,4.847268105,7.485146046,21.50473022,3.123274088,85.40000153
62.48194122,0.45604071,4.932617188,7.504551888,21.43055916,3.178872108,86.80000305
62.60366058,0.463875711,5.702356815,8.005168915,21.4111805,1.762727976,86.80000305
62.60478973,0.464100212,5.711747169,8.015673637,21.42485046,1.763581038,87.5
62.44524002,0.47283709,4.120438099,7.038517952,21.58164024,4.289308071,84.09999847
62.85977173,0,3.116590977,6.158247948,22.64042091,5.224974155,82.69999695
63.30076981,0,0,9.750818253,21.72612,5.222289085,79.19999695
61.35097122,1.115337968,6.06418705,2.326698065,22.09623909,7.046570778,81.90000153
61.20212173,0.020583039,6.92580986,1.32646203,21.74177933,8.766848564,91.69999695
61.56563187,0.483217508,5.965877056,2.044382095,22.35066986,7.590231895,87.90000153
61.64493942,0.483375013,5.558812141,2.980812073,22.04116058,7.290904999,83.5
61.75268173,0.478874296,5.558625221,2.35016799,22.56970978,7.28993988,83.40000153
61.59412003,0.47741589,6.348139763,1.73063302,22.56163025,7.288053036,84.80000305
61.60572815,0.47965169,5.763199806,2.516326904,22.19311905,7.441980839,84.09999847
61.44763184,0.478307992,6.55431509,1.890810966,22.18901062,7.439930916,85.59999847
61.82434082,0.476293594,5.213971138,3.709316015,22.03218079,6.743884087,85.69999695
61.82255936,0.481734306,5.226087093,2.89040494,22.44079018,7.138424873,84.69999695
61.65016937,0.476714313,5.74990797,2.889621973,22.0938797,7.139712811,87.5
61.40435028,0.477169305,6.276610851,3.30347991,21.39554024,7.142857075,88.5
61.54349899,0.479842901,5.245554924,3.729687929,21.46206093,7.539350033,87.09999847
61.60795975,0,6.320930958,3.327579021,21.55213928,7.191390991,88.5
61.65512085,0.668884218,5.085700989,3.308068037,21.97866058,7.285020828,87
62.02975082,0,5.249475956,3.733120918,22.19293976,6.794713974,87.09999847
61.52299118,0.476633698,6.587226868,2.003350973,22.28263092,7.127163887,88
61.65195084,0.683164418,5.105564117,3.343144894,21.97390938,7.242269039,87
60.06016922,9.958162308,2.040040016,0.767608285,24.7156105,2.458420992,72
63.34590149,0.529693425,6.223897934,4.869104862,24.52209091,0.509320617,84.19999695
60.19356155,9.601776123,1.707123995,6.549262047,21.85943031,0.034904011,70
59.34312057,10.78851032,2.012217999,7.55133009,20.23870087,0,71
59.67792892,10.78993034,1.006104946,7.550460815,20.90704918,0,70
59.44369888,10.78923035,1.509245992,7.951602936,20.23760986,0,71
59.20700073,10.79613018,2.01061511,8.348423958,19.56915092,0,72
59.54418182,10.79028034,1.006762981,8.350576401,20.24027061,0,70
59.40848923,10.79541969,1.007287025,9.148245811,19.57320976,0,71
54.16999817,21.90999985,0,0,19.20999908,4.710000038,63
60.19869995,9.636869431,1.688673973,6.481715202,21.92419052,0.0190452,71.09999847
60.4552002,9.243990898,1.661625981,6.181759834,22.39057922,0.01591596,71.19999695
60.8042717,8.725048065,1.540277004,5.886856079,22.97660065,0.0159449,70.59999847
60,11.03448009,0,0,25.51724052,3.448276043,76
57.86962891,13.67249966,2.384737968,6.995231152,19.07789993,0,72.30000305
58.37321091,12.75916958,2.392343998,6.698565006,19.77671051,0,72.5
58.71152115,11.93272018,2.284989119,7.172326088,19.80323982,0.095207863,73.80000305
57.81806946,13.5966301,3.01068306,6.021366119,19.42375946,0.129491702,72.59999847
57.18798828,14.84992027,2.274880886,7.582938194,18.00947952,0.094786733,72.5
57.37179947,14.10256004,3.076922894,7.051281929,18.26922989,0.128205106,73.30000305
57.91181183,13.22957039,3.177690983,6.03112793,19.45524979,0.129701704,72.90000153
57.73128891,13.72998047,3.367114067,5.426609993,19.61425018,0.130761698,72.19999695
57.7677803,13.50916958,2.99131608,6.625925064,18.9771595,0.128658697,73.19999695
57.7748909,13.66298008,3.188029051,5.725440025,19.51853943,0.1301236,72.40000153
60.54750061,10.3059597,0.805153012,4.186796188,24.15459061,0,69.90000153
59.71564102,11.37440968,0.789889395,6.00316,22.11689949,0,71.09999847
58.6583519,13.10451984,0.780031204,7.176287174,20.2808094,0,71.19999695
57.32688904,13.52657032,4.025764942,7.407406807,17.71336937,0,74.40000153
57.8125,12.5,3.03125,9.375,17.1875,0.09375,76.5
58.65000153,11.90668011,4.353233814,3.55654192,21.37286949,0.107570298,72.30000305
57.97042847,13.08522987,4.153513908,4.512378216,20.11297989,0.10633,72.59999847
57.89471054,13.21432018,4.503204823,3.879065037,20.34160042,0.107378997,72.40000153
57.94197083,13.14813995,4.303697109,4.193517208,20.24640083,0.106841199,72.5
61.52146912,0,8.509764671,13.85163975,16.11712074,0,101
61.72042847,0,7.568607807,12.36398983,17.25886917,1.088107944,98.30000305
61.22032166,0,9.013996124,14.65009975,15.11557961,0,104
61.44916916,0,7.611226082,12.43533039,16.68067932,1.82359004,98.69999695
60.70978928,0,10.59722996,12.36839962,15.23538017,1.089187026,101
61.62205887,0,9.003546715,12.26056004,17.11383057,0,100
61.17699051,0,7.617713928,14.05270958,15.32763004,1.824944973,101
61.12075043,0,10.50667,12.26214027,16.1104393,0,102
61.65555954,0,9.498343468,11.06991959,17.77617073,0,98.30000305
60.13022995,2.041848898,3.663316965,14.48258018,14.04008007,5.64195013,90.90000153
60.98688889,0,11.50240993,11.07392025,16.4368,0,101
61.17609024,1.951534986,8.006462097,11.07592964,17.78997993,0,93.30000305
62.06196976,0,3.623421907,11.4532299,18.39731979,4.464056015,90.5
61.64570999,0,3.654962063,11.55776024,17.51254082,5.629032135,91
60.62086105,2.039154053,3.658098936,11.57040977,16.47611046,5.635362148,89.59999847
59.55297089,3.507864952,0,12.78464985,14.46751976,9.687005997,87.09999847
59.877491,0,5.380760193,10.63621998,14.43686008,9.668662071,93.59999847
60.85380173,0,12.49915028,9.878908157,16.76815033,0,101
59.01462173,3.506155014,2.69234705,10.64731979,14.45864964,9.680920601,89
61.67432022,0,0,10.62952042,18.0338707,9.662298203,84.90000153
59.91350937,3.505876064,0,10.64307022,16.25842094,9.679123878,84.5
61.68864059,0,9.994994164,9.878191948,18.43818092,0,97
59.87213898,10.13619995,1.00682497,8.344914436,20.57197952,0,70
59.87213898,10.13619995,1.00682497,8.344914436,20.57197952,0,70
59.5750618,10.7285099,1.006762981,8.350575447,20.27113914,0,70
62.5,0,0,12.5,18.75,6.25,100
58.82352829,11.76471043,0,11.76471043,17.64706039,0,72
62.5,0,3.125,12.5,18.75,3.125,95
62.5,0,6.25,12.5,18.75,0,102
62.06896973,0,10.34482956,6.896552086,20.68965912,0,96
60.3773613,0,16.9811306,3.773585081,18.86791992,0,104
60.89965057,0,12.80276966,8.99654007,17.30104065,0,107
63.57826996,0,4.792332172,8.945687294,22.6837101,0,91
62.40748978,0,5.18283987,8.154514313,20.72466087,3.504364014,86
62.18330002,0,6.438549995,8.119051933,20.29426003,2.939192057,88
62.10934067,0,6.150841236,8.387509346,20.01213074,3.314582109,87
62.37620926,0.066159442,6.561936855,7.642090797,20.9516201,2.376338959,86
62.23276901,0,5.142295837,8.899102211,20.00300026,3.696857929,86
61.89672852,0,6.184094906,8.150215149,19.70542908,4.037690163,87
62.39616013,0,6.155539989,8.487639427,20.54849052,2.412170887,98
62.27342987,0.065959059,6.663210869,8.083351135,20.53816986,2.375871897,97
62.30831909,0.066539638,6.173398972,8.105737686,20.59704018,2.748960972,96
62.37398911,0.067005038,5.18283987,8.154513359,20.69115067,3.504364014,95
62.03081131,0.067008011,6.210085869,8.156025887,20.00425911,3.506076097,98
61.99658966,0.06642177,6.703176022,8.133277893,19.9468708,3.127923012,98
62.11555099,0,6.446705818,8.133599281,20.1514492,3.127007008,98
62.16781998,0.066766262,6.191053867,8.13334465,20.28952026,3.125874996,97
62.16687012,0,6.192993164,8.333614349,20.15415001,3.126787901,97
62.13274002,0,6.193323135,8.537650108,19.98387909,3.12688899,98
62.04745865,0.066800043,6.450591087,8.333138466,19.9489193,3.127456903,98
62.15589905,0.066152737,6.43639183,8.120586395,20.28458977,2.936372042,97
62.23516083,0.066263512,6.174553871,8.513856888,20.23380089,2.750940084,97
62.13180161,0.066179551,6.68548584,8.110372543,20.22866058,2.751853943,98
62.66268921,0,6.120219231,8.438483238,21.10614014,1.672461987,96
62.52949905,0,6.139272213,8.462688446,20.82765007,2.040884018,97
62.09844971,0,6.203641891,8.34794426,20.01012039,3.314228058,98
62.15061951,0.066588871,5.945916176,8.347149849,20.14818001,3.315990925,97
62.11566162,0.066674069,6.438426018,8.324156761,20.08978081,2.939721107,98
62.33267975,0.065963738,7.636833191,7.235610008,21.06759071,1.63549304,98
62.09822083,0.066356309,7.193161011,7.299193859,20.56703949,2.75002408,98
62.1137619,0,7.437195778,7.290026188,20.56950951,2.563488007,98
63.36309814,0,4.950588226,9.844163895,21.76612091,0,95
62.51100159,0,3.102088928,9.808073997,20.11795998,4.460881233,94
61.16400909,0.067799039,7.861120224,6.21610117,19.24065018,5.423923016,100
61.86637878,0.066581391,7.740962982,6.118478775,20.70681,3.500780106,99
62.74195099,0,5.177484989,6.121333122,22.42322922,3.536010027,92
62.23913956,0,2.692507982,6.305589199,21.32549095,7.437273026,91
60.995121,0.066781797,10.31167984,6.125255108,18.96100044,3.54015398,104
60.65179825,0.066942647,10.3197403,8.159956932,17.2571106,3.544436932,107
59.23596954,0,10.63424969,8.407969475,14.26795959,7.453847885,112
62.69874954,0.064501569,5.111749172,10.0428896,20.40829086,1.673815966,97
62.20172119,0.06519755,2.656800032,10.34033012,19.26586914,5.47007513,96
61.19966125,0,7.757370949,10.1971302,17.30076027,3.545072079,105
62.08383942,0,7.681632996,7.284189224,20.51291084,2.412074089,98
61.06933975,0,8.18805027,11.32553005,16.47591019,2.941176891,107
62.71022034,0,2.046649933,13.75786972,18.54150009,2.943770885,98
63.59397125,0,2.042392015,8.478338242,22.94875908,2.93654108,89
62.1339798,0,2.615648031,9.929591179,19.30315018,6.017634869,96
62.51309967,0.468736887,4.86147213,7.48639822,21.4915905,3.127145052,93
62.60203171,0.463937193,5.722996235,8.006230354,21.40739059,1.746392012,95
62.43722916,0.472853214,4.127333164,7.052267075,21.55872917,4.299585819,92
62.85977173,0,3.116590977,6.158247948,22.64042091,5.224974155,90
62.67287064,0.653530121,5.555006027,7.987589836,21.67871094,1.452288985,94
60.625,10,0,6.25,23.0625,0,70
60.70288086,9.584664345,0.95846647,5.111821175,23.5782795,0,69.69999695
60.81560135,10.03040028,0,5.015198231,24.07547951,0,69
60.89743042,9.615385056,0.641025722,4.487178802,24.29487038,0,69.69999695
60.48794174,9.600049973,1.18809402,5.895994186,22.82792091,0,70.09999847
60.49007034,9.763510704,0.914933383,5.939151764,22.89233017,0,70.19999695
60.46482086,9.751778603,0.935968518,6.083795071,22.76363945,0,70
59.47776031,10.14085007,2.554200888,7.602468014,20.22472,0,77
59.3631897,10.01780987,2.506015062,8.755429268,19.3575592,0,79
59.96062088,8.832354546,2.500313044,8.738592148,19.96812057,0,80
59.22151184,10.20576954,3.204433918,7.644773006,19.72351074,0,79
59.10606003,10.08430004,3.158026934,8.794665337,18.85695076,0,81
59.73073959,8.838979721,3.154980898,8.788651466,19.48665047,0,82
58.96194839,10.27795029,3.856635094,7.681210995,19.22225952,0,81
58.84960175,10.1491003,3.808288097,8.83852005,18.35449028,0,83
59.47280121,8.898452759,3.803677082,8.860479355,18.96459007,0,84
58.21282959,12.70765972,2.509255886,7.581559181,18.98870087,0,76
58.11322021,12.5222702,2.510081053,8.733706474,18.12071991,0,78
58.74008179,11.26179981,2.506093025,8.7619524,18.73007965,0,79
59.84711075,9.606625557,2.551362038,6.994743824,21.00016022,0,76
60.10699081,8.888326645,2.551279068,7.590528965,20.86288071,0,77
59.96644974,9.73091507,2.600502968,5.80757618,21.89455986,0,73
60.23587036,9.024483681,2.550955057,6.409433842,21.77926064,0,75
60.36363983,8.493506432,3.246752977,5.844155788,22.05195045,0,76
60.62825012,7.791789055,3.202502966,6.450156212,21.92731094,0,77
60.88656998,7.077149868,3.20202589,7.045097828,21.78915977,0,79
60.35036087,8.246319771,2.503458977,8.151968002,20.74789047,0,79
60.49621964,8.306526184,2.551198959,7.000669003,21.64538002,0,76
62.69593048,3.76175499,1.567397952,8.15046978,23.19749069,0.626959324,81.30000305
62.84852982,0,3.073764086,10.13251019,20.63080025,3.314403057,91
60.19868851,8.995591164,2.556438923,6.45837307,21.6912899,0,72
60.78030014,9.073827744,0,1.018072009,25.57822037,3.529089928,71.90000153
60.62482834,9.245825768,0.342184514,1.040241003,25.34218025,3.384205103,72.5
60.5218811,9.151855469,0.646336913,1.017637014,25.09712029,3.537662983,72.5
60.50323868,8.891343117,1.028578997,1.049288988,24.91716003,3.589673042,73.30000305
60.22003174,9.292830467,1.321616054,1.051756978,24.44643974,3.594657898,73.59999847
59.96876144,9.553898811,1.673321009,1.048429012,24.17635918,3.551466942,74
59.960289,9.296492577,2.02097702,1.073207974,24.0217495,3.599428892,74
59.8411293,9.300533295,2.365372896,1.01473105,23.81118965,3.635535955,75.59999847
60.97053909,8.749103546,0.986920774,0.990335822,25.81019974,2.47242403,71.80000305
60.57761002,9.304875374,0.969543278,1.020933032,25.29377937,2.826406956,72
60.58710098,8.999037743,0.989962995,1.058709979,25.13405991,3.200192928,72.69999695
60.50323868,8.891343117,1.028578997,1.049288988,24.91716003,3.589673042,73.30000305
60.30345154,9.047768593,1.025321007,1.046105027,24.59732056,3.959264994,74
60.16952133,9.136069298,0.996977925,1.035189986,24.37906075,4.262341022,73.80000305
59.98815155,9.230018616,1.000383019,1.05964005,24.05102921,4.649866104,74.90000153
59.85377884,9.255633354,1.003918052,1.035400033,23.80019951,5.01609087,75.59999847
60.34202957,9.328036308,0.345482796,0.870616674,24.90239906,4.190707207,73.69999695
60.50323868,8.891343117,1.028578997,1.049288988,24.91716003,3.589673042,73.30000305
60.51885986,9.029985428,1.644327998,0.815254986,25.13126945,2.83266592,73.19999695
60.31209183,9.507699013,2.275080919,0.800939023,24.96719933,2.116274118,72.80000305
60.48841095,9.070498466,3.070705891,0.842803419,25.07685089,1.423094034,71.40000153
60.34262085,9.346182823,3.802715063,0.870376229,24.9127903,0.70113641,70.69999695
58.86426926,11.28808975,2.804708958,1.731302023,22.50691986,2.804708958,75
60.65113068,7.620830059,2.874279976,1.733582973,24.24588966,2.874279976,76
60,10,3,3.333333015,23.33333015,0.333333313,71
60,10,1.666666985,3.333333015,23.33333015,1.666666985,73
61.0169487,6.779661179,2.542372942,3.389831066,23.72880936,2.542372942,77
61.0169487,6.779661179,4.576271057,3.389831066,23.72880936,0.508474588,77
60.65858078,7.625649929,5.719236851,1.733101964,24.26342964,0,75
59.93151093,8.2191782,6.164382935,3.42465806,22.26026917,0,77
59.52381134,11.22449017,1.870748043,1.700680017,23.80952072,1.870748043,72
59.02777863,12.5,2.083333015,0,24.30555916,2.083333015,71
60.09614944,9.409340858,2.369505882,1.717033029,24.03845978,2.369505882,74
57.69231033,14.6853199,2.447551966,0,22.72727013,2.447551966,72
59.64912033,10.52632046,2.631578922,0,24.56139946,2.631578922,73
60.28369141,8.510638237,3.191488981,0,24.82268906,3.191488981,76
59.13978958,10.03584003,3.763441086,0,23.29748917,3.763441086,74
59.02777863,12.5,3.75,0,24.30555916,0.416666687,68
59.52381134,11.22449017,3.74149704,1.700680017,23.80952072,0,69
59.02777863,12.5,4.166666985,0,24.30555916,0,67
57.69231033,14.6853199,4.895104885,0,22.72727013,0,68
59.64912033,10.52632046,5.263157845,0,24.56139946,0,70
60.28369141,8.510638237,5.744680882,0,24.82268906,0.638297915,74
60.28369141,8.510638237,6.382978916,0,24.82268906,0,73
59.13978958,10.03584003,7.526882172,0,23.29748917,0,75
60.02965164,9.240556717,1.581272006,8.93789196,20.21063042,0,73.5
59.40848923,10.79541969,1.007287025,9.148245811,19.57320976,0,71
60,0,0,0,20,20,88.69999695
56.2492981,12.50234032,0,0,18.74976921,12.49860001,84.80000305
54.54545975,18.18181992,0,0,18.18181992,9.090909004,80.09999847
52.94179916,23.52733994,0,0,17.64726067,5.883597851,74.09999847
60.35245895,9.270391464,1.664240956,6.74555397,21.93571091,0,71
59.86000824,10.04259968,0.669507027,9.37309742,20.02434921,0,71
59.80167007,9.964929581,0.665134907,9.964929581,19.57309914,0,71
60.20743942,9.598424911,1.706527948,6.546976089,21.88669014,0,70
59.81045914,10.00424004,0.654030204,9.816508293,19.66027069,0,71
60.22354889,9.604814529,0.654036283,8.536248207,20.92609024,0,70
62.68656921,0,4.477612019,14.92537022,17.88059998,0,102
62.68656921,0,0,14.92537022,17.88059998,4.477612019,94
63.07691956,0,4.615385056,12.30768967,19.96923065,0,97.19999695
63.07691956,0,0,12.30768967,19.96923065,4.615385056,89.5
63.49206161,0,4.761905193,9.523809433,22.19047928,0,91.90000153
63.49206161,0,0,9.523809433,22.19047928,4.761905193,84.80000305
63.63636017,0,3.030303001,12.1212101,21.18181992,0,94.19999695
63.63636017,0,0,12.1212101,21.18181992,3.030303001,89.09999847
63.49206161,0,2.380951881,9.523809433,22.19047928,2.380951881,89.09999847
63.43041992,0,2.750808954,8.414239883,22.62136078,2.750808954,87.90000153
62.89308167,0,2.83018899,11.32075977,20.09433937,2.83018899,93.09999847
62.82051086,0,3.205127954,10.25640965,20.48077011,3.205127954,92.09999847
63.49206161,0,1.58730197,9.523809433,22.19047928,3.174602985,88.30000305
63.49206161,0,3.174602985,9.523809433,22.19047928,1.58730197,90.69999695
63.49206161,0,0.793650806,9.523809433,22.19047928,3.968254089,86.90000153
64.12973785,0,0,7.514450073,24.50225067,3.853564024,83.09999847
63.79917145,0,0,8.442597389,23.37704086,4.381196022,85
63.434021,0,0,9.53895092,22.09856987,4.928458214,86.80000305
63.08129883,0,0,10.56628036,20.87947083,5.472950935,88.5
62.7555809,0,0,11.5759697,19.72318077,5.94526577,90.19999695
62.44527817,0,0,12.57036018,18.6053791,6.378985882,91.90000153
62.14619064,0,0,13.49921989,17.54277039,6.81182003,93.19999695
61.89305878,0,0,14.00977039,16.78124046,7.315935135,94.90000153
61.60961914,0,0,15.10947037,15.66450977,7.61640501,96.19999695
61.32307816,0,0,15.8153801,14.73845959,8.123076439,97.5
61.08388901,0,0,16.59522057,13.87018013,8.450704575,98.90000153
60.84172058,0,0,17.32235909,13.02225971,8.813662529,100
60.6437912,0,0,17.97752953,12.29881001,9.079865456,101
60.39274979,0,0,18.79154015,11.38973045,9.425982475,102
60.16260147,0,0,19.45196915,10.59922028,9.786209106,103
63.16173935,0,0,4.111303806,24.26782036,8.459130287,83.40000153
63.23093033,0,0,6.016204834,23.45375061,7.299121857,83.59999847
63.27346039,0,0,6.919494152,23.08716011,6.719892979,84.30000305
63.35300064,0,0,7.741724968,22.83514023,6.070141792,84.80000305
63.37208939,0,0,8.656330109,22.41601944,5.55555582,85.59999847
63.43949127,0,0,9.42675209,22.16560936,4.968153,87.19999695
63.5490799,0,0,10.96315002,21.61660004,3.871166945,90.90000153
59.31972885,0,0,13.33333015,11.97278976,15.37415028,98.90000153
59.65665817,0,0,14.6583004,11.98414993,13.70088959,99.59999847
59.97505951,0,0,17.70573997,11.09726048,11.22194958,101
59.96992111,0,0,19.90976906,9.984962463,10.13533974,102
62.73025894,0,0.075044349,6.317369938,22.30182076,8.575522423,85.19999695
62.63182068,0,0.089893863,5.594163895,22.46655083,9.217576981,84.19999695
62.70991135,0,0.074485369,6.866197109,21.98673058,8.362675667,85.40000153
62.50473022,0,0.086085193,6.122378826,21.94828033,9.338521957,86.09999847
62.48526001,0,0.086679153,5.686151981,22.12745094,9.614450455,85.30000305
62.64905167,0,0.067750677,6.951220036,21.82249069,8.509486198,86.80000305
63.00495911,0,0.05737235,6.493199825,22.76332092,7.681145191,84.30000305
62.66024017,0,0.01060293,6.272830009,22.18407059,8.87225914,86.30000305
62.79372025,0,0.06498614,5.999248028,22.58782005,8.554228783,85.80000305
62.81929016,0,0,6.606139183,22.33552933,8.239040375,85.59999847
62.59476852,0,0.005493902,6.139434814,22.11981964,9.140479088,87.09999847
62.61130142,0,0.01066568,5.965898037,22.23965073,9.172481537,85
62.61548996,0,0.005458293,6.543128014,21.95939064,8.876547813,85.40000153
62.77928925,0,0,6.321526051,22.39781952,8.501361847,84.40000153
62.65909958,0,0,6.254277229,22.19104958,8.895579338,85.19999695
62.48028183,0,0,6.466433048,21.72735023,9.325926781,86
62.87714005,0,0,6.595860004,22.45635986,8.070626259,84.30000305
62.60414886,0,0,5.649483204,22.38356972,9.362790108,85.09999847
62.81565094,0,0,6.027678013,22.61746025,8.53921032,85.09999847
62.45368958,0,0,5.857306004,21.97874069,9.710248947,85.59999847
62.68590927,0,0,6.870616913,21.93651009,8.506961823,85.90000153
60.1131897,13.06258011,0,0.133155793,26.69108009,0,59.09999847
61.52531052,8.413131714,2.735977888,0.136798903,27.18877983,0,67.59999847
61.44845963,8.545722008,0,0.136840999,27.10136986,2.767610073,70
59.33737946,13.7716198,0,2.660868883,24.23012924,0,64.5
60.90726852,8.739159584,2.801867962,2.735157013,24.81653976,0,69.09999847
60.95574951,8.61643219,0,2.736433983,24.85149956,2.839884996,73.59999847
58.13212967,14.33335972,0,8.207105637,19.32740021,0,70.19999695
59.86159134,8.870713234,2.862535,8.493235588,19.91192055,0,76.40000153
59.86159134,8.870713234,0,8.493235588,19.91192055,2.862535,77.5
57.23516083,13.99213982,0,14.61262989,14.16007042,0,73.5
58.72314835,8.767285347,3.206825972,14.94556999,14.3571701,0,85.90000153
58.81264114,8.646582603,0,14.9478302,14.47465038,3.118294954,82.59999847
66.66665649,0,0,0,33.33332825,0,73.90000153
63.88888931,0,0,16.66666985,19.44444084,0,102
63.15789032,0,0,21.05262947,15.78946972,0,112
62.82051086,0,0,23.07691956,14.10256004,0,117
62.5,0,0,25,12.5,0,122
62.19512177,0,0,26.82926941,10.97560978,0,129
61.90475845,0,0,28.57143021,9.523809433,0,134
62.84852982,0,3.073764086,10.13251019,20.63080025,3.314403057,4.21999979
59.96797943,0,3.410728931,0,19.93594933,16.68535042,96.59999847
60.15142822,0,6.54313612,0,20.30285072,13.00259018,101
60.08781052,0,9.726601601,0,20.17560959,10.0099802,100
60.03197861,0,13.22941971,0,20.06394958,6.67466116,99.69999695
60.01599884,0,14.27429008,0,20.03199005,5.67772913,98.59999847
59.82966995,0,14.97951031,0,19.65934944,5.531453133,95.90000153
60.48918915,0,15.4976902,0,20.9783802,3.034733057,96.30000305
60.71429062,9.090909004,1.948052049,4.545454979,23.70129967,0,71
60.92715073,7.947020054,3.311258078,3.973510027,23.84106064,0,73
61.18421173,7.236842155,3.28947401,4.605263233,23.68420982,0,73
60.84238052,8.423823357,2.79697299,4.080288887,23.85652924,0,70
58.33332825,16.66666985,0,0,25,0,60
58.1699295,16.33987045,0,1.960783958,23.52940941,0,62
58.06452179,16.12903023,0,3.225805998,22.58064079,0,64
57.96178055,15.92356968,0,4.458599091,21.65604973,0,66
57.8125,15.625,0,6.25,20.3125,0,68
57.57575989,15.15151978,0,9.090909004,18.18181992,0,70
59.88360977,10.34274006,1.025267959,0.609618783,24.60988998,3.501843929,71.90000153
59.80643082,10.42341995,1.046499968,0.616811216,24.50264931,3.541466951,72.09999847
59.73339844,10.49767017,1.064327955,0.624035776,24.39979935,3.581271887,72.40000153
62.1335907,0,1.123126984,6.189366817,21.17250061,9.381410599,89.19999695
62.36999893,0,1.174322963,6.384737015,21.54763031,8.523314476,88.90000153
62.22962952,0,1.343610048,6.103530884,21.40749931,8.915739059,88
62.24074173,0,1.614352942,6.381361008,21.29079056,8.472760201,88.30000305
62.07170868,0,1.861978054,6.638055801,20.82439041,8.603861809,88.30000305
62.00785828,0,1.694856048,5.803916931,21.11375999,9.379606247,90.40000153
62.1014595,0,0.87618649,6.258474827,21.07368088,9.690206528,89.40000153
62.37437057,0,0.942211092,5.457845211,22.01981926,9.205750465,87
61.94075012,0,1.776193023,5.494544983,21.13422012,9.654296875,90.19999695
62.29674149,0,1.455482006,5.766218185,21.71036911,8.771198273,87.09999847
62.35097885,0,1.105280042,5.783602238,21.81015968,8.949986458,87.30000305
62.11894989,0,1.595283031,6.401941776,21.03693008,8.846886635,89.59999847
62.20856857,0,1.211084962,5.779701233,21.52729034,9.273349762,89.69999695
62.42647171,0,1.062914968,6.349970818,21.67795944,8.482680321,87.59999847
62.24277115,0,1.800611973,5.992770195,21.48914909,8.474694252,90.30000305
62.20508957,0,0.869412899,5.47589922,21.67222023,9.777389526,89.59999847
62.51197052,0,1.067177057,6.56724596,21.74032021,8.113285065,88.69999695
61.77804947,0,2.161433935,5.577208996,20.76749039,9.715824127,88.90000153
61.94636917,0,1.638419986,5.63757515,21.07395935,9.703676224,89.19999695
62.38343811,0,1.357651949,6.664837837,21.43445015,8.159626961,88.19999695
62.64802933,0,0.717980087,6.648972988,21.97155952,8.013475418,87.69999695
62.1498909,0,1.390043974,6.371325016,21.11411095,8.974625587,88.90000153
62.40013885,0,1.625453949,6.031470776,21.78454018,8.158394814,88.09999847
62.09410095,0,1.250517964,6.722399235,20.82699966,9.105984688,88.69999695
61.95434189,0,1.78918004,5.512228012,21.15255928,9.5916996,90.19999695
62.34809113,0,1.537235975,6.058927059,21.66671944,8.389017105,89.40000153
62.1960907,0,1.432994008,6.045007229,21.36968994,8.956210136,88.40000153
59.49367142,10.12658024,2.531646013,7.594936848,20.25316048,0,72
59.375,10,2.5,8.75,19.375,0,75
60,8.75,2.5,8.75,20,0,75
59.23566818,10.19108009,3.184712887,7.643311977,19.74522018,0,74
59.11949921,10.06289005,3.144654036,8.805031776,18.86791992,0,75
59.74842834,8.805031776,3.144654036,8.805031776,19.49684906,0,75
58.97436142,10.25640965,3.846153975,7.692306995,19.23077011,0,75
58.86075974,10.12658024,3.797467947,8.860759735,18.35442924,0,77
58.22785187,12.65822983,2.531646013,7.594936848,18.98734093,0,72
58.125,12.5,2.5,8.75,18.125,0,73
58.75,11.25,2.5,8.75,18.75,0,73
59.87260818,9.554140091,2.547770977,7.006370068,21.01910973,0,72
60.12657928,8.860759735,2.531646013,7.594936848,20.88607979,0,73
60.3773613,8.176100731,2.51572299,8.176100731,20.75472069,0,75
60,9.677419662,2.580645084,5.806451797,21.93548012,0,71
60.25640869,8.974358559,2.564102888,6.410255909,21.79487038,0,72
60.50955963,8.280254364,2.547770977,7.006370068,21.65604973,0,73
60.38961029,8.441558838,3.246752977,5.844155788,22.07792091,0,73
60.64516068,7.741934776,3.225805998,6.451612949,21.93548012,0,74
60.89743042,7.051281929,3.205127954,7.051281929,21.79487038,0,75
60.45016098,9.00321579,2.250803947,5.787780762,22.50803947,0,72
59.87260818,9.554140091,2.547770977,7.006370068,21.01910973,0,76
59.49367142,10.12658024,2.531646013,7.594936848,20.25316048,0,77
60.84238052,8.423823357,2.79697299,4.080288887,23.85652924,0,71
61.21794891,7.692306995,1.923076987,5.769230843,23.39743996,0,72
62.29507828,7.868853092,0.327868789,1.967213035,27.54097939,0,59
60.18556976,10.37944984,0,0,25.56086922,3.874116898,77.30000305
62.29319,0,5.16290617,7.754508018,20.70914078,4.080252171,86
60.20743942,9.598424911,1.706527948,6.546976089,21.88669014,0,70
59.81045914,10.00424004,0.654030204,9.816508293,19.66027069,0,71
60.22354889,9.604814529,0.654036283,8.536248207,20.92609024,0,70
59.47560883,10.85128021,1.004405975,8.583664894,20.03265953,0,70
62.97179031,0,3.58197093,8.087471962,21.82826042,3.456635952,91
60.5354805,8.865651131,1.749048948,6.692015171,22.10392952,0,11.30000019
60.35499954,10.71135044,2.778919935,0.047971491,25.98683929,0.065104157,66.80000305
60.21899033,10.56661987,2.559365988,1.820441008,24.75732994,0.023511229,68.19999695
60.02246094,10.36112022,2.603494883,3.515378952,23.41493988,0.029735349,69
59.8259201,10.2042799,2.591665983,5.189826965,22.10710907,0.029229321,71.19999695
59.6490097,10.0446701,2.53669405,6.841096878,20.84874916,0.028717291,72.30000305
59.48720169,9.904595375,2.479286909,8.35425663,19.70248985,0.025106709,74.40000153
59.31005096,9.74088192,2.495445013,9.870594978,18.50581932,0.02779579,76.09999847
59.12012863,9.47506237,2.723699093,11.35179043,17.2531395,0.027419791,77.5
59.0202713,9.432721138,2.388067961,12.75030994,16.33390999,0.026899399,80
58.8756218,9.308073044,2.332901955,14.10332012,15.30653954,0.026476821,81.40000153
60.33921051,10.77266026,0.034264181,0.020558501,25.99966049,2.778825045,69.69999695
60.1413002,10.60387039,0.033641718,1.823380947,24.61901093,2.724978924,71
59.98413849,10.43029976,0.03635402,3.503206015,23.37894058,2.614185095,72.59999847
59.82859039,10.20680046,0.029217931,5.207284927,22.10499001,2.571177959,73.40000153
59.6252594,10.06735039,0.03830317,6.843500137,20.81138992,2.563119888,74.59999847
59.45793915,9.924311638,0.037687261,8.347727776,19.65390968,2.528187037,75.69999695
59.29711914,9.752633095,0.040146999,9.888515472,18.47689056,2.495290041,76.40000153
59.16934967,9.527861595,0.03949688,11.36902046,17.37254906,2.476150036,78.19999695
58.98847961,9.396977425,0.038904682,12.77270985,16.24121094,2.513840914,79.59999847
58.85192871,9.308214188,0.038269062,14.11244965,15.25463963,2.387401104,80.09999847
59.28591156,9.79090023,0.509621024,9.865027428,18.48534012,2.01377511,76.80000305
59.31177902,9.699440956,1.053346992,9.897135735,18.47526932,1.513607025,76.59999847
59.28992081,9.733337402,1.588232994,9.887834549,18.45626068,0.998053312,76.59999847
59.30455017,9.752331734,1.778766036,9.875857353,18.49793053,0.741152525,77
59.3221283,9.766635895,1.972465038,9.853066444,18.55167007,0.484627694,76.69999695
59.29906082,9.776130676,2.263392925,9.868765831,18.50238991,0.240852207,76.69999695
59.64912033,9.298864365,1.692392945,9.410450935,19.19285965,0.706713676,76
60,8.839812279,1.598755956,8.951787949,19.89735031,0.665629804,75.30000305
55.55667114,22.21999931,0,0,22.22332954,0,59.29999924
58.33332825,16.66666985,0,0,25,0,59.40000153
60,13.33333015,0,0,26.66666985,0,61
60,13.33333015,0,0,26.66666985,0,62.29999924
59.88360977,10.34274006,1.025267959,0.609618783,24.60988998,3.501843929,79.90000153
59.8469696,10.30552006,1.023612022,0.603757799,24.52158928,3.671124935,81.69999695
59.80921936,10.27190971,1.021631002,0.604638994,24.42880058,3.836329937,83.5
59.66511154,10.12796021,1.017693043,0.594528317,24.07489967,4.490437031,85.80000305
59.52632904,9.985678673,1.013345957,0.584081292,23.73270035,5.126544952,89.80000305
59.18367004,0,0,0,18.36734962,22.44898033,98.80000305
60.78430939,0,0,0,21.56863022,17.64706039,92.09999847
55,23.33333015,0,0,21.66666985,0,60.79999924
58.33332825,16.66666985,0,0,25,0,60.5
60.86956024,8.695652008,0,0,26.08695984,4.347826004,79
58.4070816,12.38938046,0,0,23.0088501,6.194690228,87.09999847
59.45946121,9.009009361,0,0,23.42341995,8.108109474,84.90000153
57.3913002,15.65217018,0,0,22.6086998,4.347826004,79.80000305
55.85585022,16.21622086,0,0,19.8198204,8.108109474,87.30000305
56.88072968,12.84403992,0,0,20.18349075,10.09173965,91.40000153
56.33332825,20.66666985,0,0,23,0,60
55.98070908,20.19293022,0,3.536978006,20.28939056,0,63.70000076
55.98730087,19.16060066,0,6.594432831,18.25768089,0,67.90000153
55.15681839,19.84318924,0,9.529554367,15.4704504,0,70
55.52632141,18.18713951,0,12.28069973,14.00584984,0,72.5
52.79742813,26.55948067,0,3.536978006,17.10610962,0,64.19999695
54.01618958,23.10087013,0,6.600249767,16.28269005,0,66.80000305
55.15681839,19.84318924,0,9.529554367,15.4704504,0,70
57.08868027,14.99417019,0,12.48540974,15.43173981,0,72.69999695
52.44417953,25.28665924,0,9.474954605,12.79421043,0,69.80000305
54.21940994,21.69981956,0,9.584087372,14.4966898,0,69.59999847
55.12511063,19.89749908,0,9.556827545,15.42055988,0,70
57.3538208,15.43097973,0,9.584087372,17.6310997,0,70.90000153
61.40351105,7.017543793,0,0,26.31579018,5.263157845,71
